Data Pedido;Ordem de Compra;Codigo Produto;ID Cliente;ID Loja
01/01/2020;SO45080;HL59;14657;101
01/01/2020;SO45079;HL45;29255;122
01/01/2020;SO45082;HL71;11455;200
01/01/2020;SO45081;HL62;26782;200
02/01/2020;SO45083;HL45;14947;199
02/01/2020;SO45084;HL43;29143;202
02/01/2020;SO45086;HL47;18747;309
02/01/2020;SO45085;HL45;18746;306
03/01/2020;SO45093;HL45;18906;200
03/01/2020;SO45090;HL43;29170;308
03/01/2020;SO45088;HL66;11398;259
03/01/2020;SO45092;HL46;18899;252
03/01/2020;SO45089;HL72;25977;109
03/01/2020;SO45091;HL47;18909;178
03/01/2020;SO45087;HL71;11388;175
03/01/2020;SO45094;HL43;22785;68
04/01/2020;SO45096;HL45;12483;189
04/01/2020;SO45097;HL46;29151;141
04/01/2020;SO45098;HL43;29167;158
04/01/2020;SO45095;HL65;11394;138
04/01/2020;SO45099;HL45;29174;50
05/01/2020;SO45101;HL46;22748;198
05/01/2020;SO45100;HL56;19428;166
05/01/2020;SO45102;HL43;29274;27
06/01/2020;SO45104;HL43;29142;97
06/01/2020;SO45108;HL43;22975;18
06/01/2020;SO45105;HL45;22765;197
06/01/2020;SO45103;HL43;29140;52
06/01/2020;SO45106;HL69;19987;6
06/01/2020;SO45107;HL45;29275;195
07/01/2020;SO45109;HL44;14937;18
07/01/2020;SO45112;HL55;20558;102
07/01/2020;SO45111;HL56;25713;193
07/01/2020;SO45110;HL44;18710;63
08/01/2020;SO45119;HL47;18740;114
08/01/2020;SO45117;HL64;14727;41
08/01/2020;SO45116;HL44;29204;38
08/01/2020;SO45114;HL43;29146;53
08/01/2020;SO45115;HL69;25984;32
08/01/2020;SO45118;HL47;18722;97
08/01/2020;SO45113;HL46;29141;114
08/01/2020;SO45120;HL65;11751;108
09/01/2020;SO45124;HL46;18725;48
09/01/2020;SO45122;HL47;29236;76
09/01/2020;SO45123;HL44;22971;191
09/01/2020;SO45121;HL43;29169;156
10/01/2020;SO45129;HL71;11759;45
10/01/2020;SO45127;HL46;29158;179
10/01/2020;SO45128;HL43;18726;171
10/01/2020;SO45126;HL44;12480;33
11/01/2020;SO45136;HL45;19084;31
11/01/2020;SO45130;HL46;14975;58
11/01/2020;SO45134;HL47;22895;117
11/01/2020;SO45138;HL70;11452;48
11/01/2020;SO45132;HL71;25985;284
11/01/2020;SO45137;HL43;18735;32
11/01/2020;SO45133;HL47;29163;152
11/01/2020;SO45131;HL65;25979;44
11/01/2020;SO45135;HL43;29264;199
12/01/2020;SO45141;HL45;29222;199
12/01/2020;SO45143;HL43;29278;199
12/01/2020;SO45142;HL44;22901;199
12/01/2020;SO45145;HL47;18716;308
12/01/2020;SO45144;HL44;19093;308
12/01/2020;SO45140;HL45;12485;308
12/01/2020;SO45139;HL47;12468;308
13/01/2020;SO45148;HL64;14656;308
13/01/2020;SO45147;HL45;29166;308
13/01/2020;SO45146;HL43;14950;308
14/01/2020;SO45149;HL47;14941;200
14/01/2020;SO45154;HL46;18767;200
14/01/2020;SO45151;HL47;29202;200
14/01/2020;SO45150;HL67;25980;200
14/01/2020;SO45157;HL65;11750;200
14/01/2020;SO45156;HL65;11465;200
14/01/2020;SO45155;HL45;18900;265
14/01/2020;SO45153;HL43;19089;292
14/01/2020;SO45152;HL43;29276;256
15/01/2020;SO45162;HL45;18721;261
15/01/2020;SO45158;HL65;28419;281
15/01/2020;SO45163;HL57;25714;276
15/01/2020;SO45159;HL70;11400;255
15/01/2020;SO45161;HL70;25978;272
15/01/2020;SO45160;HL43;14984;272
15/01/2020;SO45164;HL70;11453;296
16/01/2020;SO45167;HL44;18706;278
16/01/2020;SO45169;HL47;18766;269
16/01/2020;SO45171;HL66;11754;297
16/01/2020;SO45170;HL72;11462;297
16/01/2020;SO45166;HL45;19083;307
16/01/2020;SO45168;HL45;18738;307
16/01/2020;SO45165;HL46;22881;307
17/01/2020;SO45172;HL60;18008;307
17/01/2020;SO45176;HL46;29254;307
17/01/2020;SO45174;HL46;29198;307
17/01/2020;SO45179;HL72;11457;310
17/01/2020;SO45178;HL68;11456;310
17/01/2020;SO45177;HL47;18903;310
17/01/2020;SO45173;HL47;29157;306
17/01/2020;SO45175;HL46;29238;306
18/01/2020;SO45180;HL44;15046;306
18/01/2020;SO45184;HL53;25717;306
18/01/2020;SO45183;HL60;25711;231
18/01/2020;SO45181;HL43;14929;211
18/01/2020;SO45185;HL43;14949;217
18/01/2020;SO45182;HL45;18769;226
19/01/2020;SO45186;HL46;14991;240
19/01/2020;SO45191;HL57;14660;234
19/01/2020;SO45187;HL43;15047;214
19/01/2020;SO45188;HL44;14861;230
19/01/2020;SO45190;HL46;18931;237
19/01/2020;SO45189;HL43;29145;232
20/01/2020;SO45196;HL44;18739;309
20/01/2020;SO45195;HL46;18929;309
20/01/2020;SO45193;HL43;22889;227
20/01/2020;SO45194;HL46;29221;260
20/01/2020;SO45192;HL47;14846;306
20/01/2020;SO45197;HL47;18902;234
21/01/2020;SO45201;HL45;29168;309
21/01/2020;SO45199;HL67;29476;310
21/01/2020;SO45200;HL44;29148;307
21/01/2020;SO45204;HL66;11460;307
21/01/2020;SO45203;HL47;18907;306
21/01/2020;SO45202;HL47;19094;306
21/01/2020;SO45198;HL46;14847;199
22/01/2020;SO45213;HL70;11464;308
22/01/2020;SO45207;HL45;29156;308
22/01/2020;SO45211;HL44;18724;49
22/01/2020;SO45212;HL47;18729;67
22/01/2020;SO45208;HL65;19884;119
22/01/2020;SO45209;HL47;29201;139
22/01/2020;SO45210;HL44;29239;120
22/01/2020;SO45206;HL46;12474;134
22/01/2020;SO45205;HL65;28420;61
23/01/2020;SO45215;HL45;29208;70
23/01/2020;SO45214;HL43;12464;156
23/01/2020;SO45216;HL46;29261;107
24/01/2020;SO45217;HL47;29144;26
24/01/2020;SO45219;HL46;22893;196
24/01/2020;SO45222;HL58;14728;79
24/01/2020;SO45221;HL47;22903;67
24/01/2020;SO45220;HL45;29207;200
24/01/2020;SO45223;HL45;18930;200
24/01/2020;SO45224;HL44;18723;299
24/01/2020;SO45218;HL66;25982;277
25/01/2020;SO45228;HL47;18768;307
25/01/2020;SO45226;HL64;14662;307
25/01/2020;SO45225;HL62;14653;310
25/01/2020;SO45227;HL54;14726;243
26/01/2020;SO45232;HL43;18736;80
26/01/2020;SO45233;HL65;11472;178
26/01/2020;SO45231;HL47;18908;36
26/01/2020;SO45229;HL70;11387;136
27/01/2020;SO45236;HL45;18731;57
27/01/2020;SO45234;HL57;18009;199
27/01/2020;SO45235;HL47;29147;200
27/01/2020;SO45237;HL47;18737;200
27/01/2020;SO45238;HL67;11459;308
28/01/2020;SO45242;HL44;29223;296
28/01/2020;SO45240;HL43;29155;278
28/01/2020;SO45241;HL44;29203;310
28/01/2020;SO45244;HL71;11756;310
28/01/2020;SO45243;HL60;25715;233
29/01/2020;SO45245;HL43;18928;217
29/01/2020;SO45246;HL43;18709;215
29/01/2020;SO45247;HL60;25716;111
29/01/2020;SO45248;HL65;11451;200
30/01/2020;SO45254;HL47;29252;200
30/01/2020;SO45258;HL63;25712;122
30/01/2020;SO45253;HL47;29237;208
30/01/2020;SO45256;HL61;14664;200
30/01/2020;SO45255;HL47;29258;241
30/01/2020;SO45250;HL43;14147;306
30/01/2020;SO45251;HL60;19422;253
30/01/2020;SO45249;HL43;14928;200
30/01/2020;SO45257;HL47;18718;199
30/01/2020;SO45252;HL45;22877;144
31/01/2020;SO45262;HL46;29265;308
31/01/2020;SO45259;HL47;29225;308
31/01/2020;SO45264;HL70;11454;307
31/01/2020;SO45261;HL45;29175;254
31/01/2020;SO45263;HL63;14722;310
31/01/2020;SO45265;HL71;11461;200
31/01/2020;SO45260;HL43;29150;308
01/02/2020;SO45345;HL46;15048;233
01/02/2020;SO45349;HL45;19568;309
01/02/2020;SO45347;HL64;14733;200
01/02/2020;SO45348;HL44;19562;235
01/02/2020;SO45350;HL44;19613;217
02/02/2020;SO45354;HL63;19432;233
02/02/2020;SO45352;HL46;15081;307
02/02/2020;SO45356;HL46;19096;306
02/02/2020;SO45353;HL43;28630;199
02/02/2020;SO45355;HL45;28778;200
02/02/2020;SO45351;HL46;12520;200
03/02/2020;SO45358;HL45;23172;199
03/02/2020;SO45357;HL72;28443;306
03/02/2020;SO45361;HL45;23057;307
03/02/2020;SO45360;HL46;28036;310
03/02/2020;SO45362;HL46;19271;310
03/02/2020;SO45359;HL46;11227;310
03/02/2020;SO45363;HL45;19565;308
04/02/2020;SO45364;HL44;14161;307
04/02/2020;SO45366;HL58;18011;307
04/02/2020;SO45365;HL46;15078;307
04/02/2020;SO45369;HL47;19269;307
04/02/2020;SO45370;HL45;19270;307
04/02/2020;SO45368;HL57;14732;307
04/02/2020;SO45367;HL57;20561;307
05/02/2020;SO45375;HL46;19596;310
05/02/2020;SO45376;HL65;11761;259
05/02/2020;SO45371;HL43;15062;259
05/02/2020;SO45372;HL69;28449;253
05/02/2020;SO45374;HL45;22996;276
05/02/2020;SO45373;HL70;25994;256
06/02/2020;SO45384;HL62;26789;278
06/02/2020;SO45380;HL55;18010;275
06/02/2020;SO45377;HL46;15077;278
06/02/2020;SO45381;HL65;19988;278
06/02/2020;SO45382;HL46;11129;251
06/02/2020;SO45378;HL43;28178;254
06/02/2020;SO45383;HL59;14734;254
06/02/2020;SO45385;HL60;14735;251
06/02/2020;SO45379;HL46;28363;142
06/02/2020;SO45386;HL45;19607;1
07/02/2020;SO45388;HL71;25986;68
07/02/2020;SO45390;HL43;19560;36
07/02/2020;SO45392;HL65;11762;150
07/02/2020;SO45391;HL46;19588;126
07/02/2020;SO45387;HL43;11224;101
07/02/2020;SO45389;HL43;11090;101
08/02/2020;SO45394;HL69;11468;113
08/02/2020;SO45395;HL46;29352;50
08/02/2020;SO45393;HL45;14171;182
08/02/2020;SO45396;HL45;19594;291
09/02/2020;SO45397;HL46;15051;136
09/02/2020;SO45398;HL45;15059;5
10/02/2020;SO45400;HL46;14162;1
10/02/2020;SO45406;HL72;25987;159
10/02/2020;SO45401;HL43;15058;5
10/02/2020;SO45405;HL45;23209;113
10/02/2020;SO45409;HL45;19612;136
10/02/2020;SO45402;HL65;11413;57
10/02/2020;SO45404;HL43;11217;180
10/02/2020;SO45407;HL47;29285;159
10/02/2020;SO45408;HL47;29326;185
11/02/2020;SO45419;HL47;19555;188
11/02/2020;SO45412;HL43;23137;175
11/02/2020;SO45417;HL43;28620;185
11/02/2020;SO45410;HL43;14149;150
11/02/2020;SO45416;HL43;28161;128
11/02/2020;SO45411;HL46;28197;36
11/02/2020;SO45414;HL58;18038;291
11/02/2020;SO45413;HL45;11191;101
11/02/2020;SO45418;HL44;19264;164
11/02/2020;SO45421;HL46;19576;144
11/02/2020;SO45415;HL45;28092;200
11/02/2020;SO45420;HL46;19561;200
12/02/2020;SO45424;HL44;28165;200
12/02/2020;SO45423;HL69;19997;200
12/02/2020;SO45422;HL43;28198;199
13/02/2020;SO45428;HL67;11414;199
13/02/2020;SO45427;HL70;29481;199
13/02/2020;SO45425;HL43;15056;86
13/02/2020;SO45431;HL44;28013;179
13/02/2020;SO45429;HL43;28129;178
13/02/2020;SO45430;HL45;28176;45
14/02/2020;SO45433;HL43;12547;112
14/02/2020;SO45439;HL56;25823;170
14/02/2020;SO45435;HL61;20562;55
14/02/2020;SO45436;HL45;28130;104
14/02/2020;SO45437;HL45;28169;197
14/02/2020;SO45434;HL44;11252;20
14/02/2020;SO45438;HL43;29334;179
14/02/2020;SO45432;HL45;14167;23
15/02/2020;SO45444;HL43;19102;26
15/02/2020;SO45440;HL45;14198;115
15/02/2020;SO45441;HL45;11216;37
15/02/2020;SO45443;HL46;29350;149
15/02/2020;SO45442;HL47;29335;95
15/02/2020;SO45445;HL43;19105;121
16/02/2020;SO45447;HL46;19558;190
16/02/2020;SO45446;HL66;25990;145
16/02/2020;SO45448;HL55;25718;283
17/02/2020;SO45450;HL45;28624;73
17/02/2020;SO45452;HL47;19559;52
17/02/2020;SO45451;HL44;29279;286
17/02/2020;SO45449;HL43;14189;14
18/02/2020;SO45453;HL44;12549;93
18/02/2020;SO45454;HL45;23074;167
19/02/2020;SO45458;HL44;19599;169
19/02/2020;SO45459;HL43;19605;104
19/02/2020;SO45457;HL46;27752;52
19/02/2020;SO45455;HL43;14163;194
19/02/2020;SO45456;HL45;23113;175
20/02/2020;SO45461;HL44;28646;147
20/02/2020;SO45464;HL47;19586;50
20/02/2020;SO45465;HL64;25819;75
20/02/2020;SO45462;HL43;28647;190
20/02/2020;SO45463;HL45;11171;172
21/02/2020;SO45466;HL44;19611;119
22/02/2020;SO45475;HL46;19601;284
22/02/2020;SO45470;HL45;28177;114
22/02/2020;SO45474;HL43;19595;53
22/02/2020;SO45467;HL66;11422;34
22/02/2020;SO45471;HL46;29280;181
22/02/2020;SO45469;HL71;19989;20
22/02/2020;SO45468;HL44;23164;131
22/02/2020;SO45472;HL46;19095;161
22/02/2020;SO45473;HL43;19592;41
22/02/2020;SO45476;HL47;19614;285
23/02/2020;SO45477;HL46;14160;175
23/02/2020;SO45478;HL46;29354;110
23/02/2020;SO45480;HL46;19564;140
23/02/2020;SO45481;HL46;19563;85
23/02/2020;SO45479;HL46;19099;179
24/02/2020;SO45483;HL47;14181;151
24/02/2020;SO45482;HL43;12522;52
24/02/2020;SO45486;HL55;14737;103
24/02/2020;SO45490;HL46;22976;82
24/02/2020;SO45485;HL45;11257;8
24/02/2020;SO45484;HL46;23267;32
24/02/2020;SO45488;HL44;19577;108
24/02/2020;SO45487;HL46;19556;112
24/02/2020;SO45489;HL43;19602;47
25/02/2020;SO45492;HL58;19429;35
25/02/2020;SO45491;HL44;27672;180
25/02/2020;SO45494;HL43;19609;190
25/02/2020;SO45495;HL64;25821;14
25/02/2020;SO45493;HL53;14731;62
26/02/2020;SO45499;HL47;28626;127
26/02/2020;SO45505;HL46;19593;46
26/02/2020;SO45506;HL44;19615;100
26/02/2020;SO45501;HL71;25993;31
26/02/2020;SO45497;HL44;28354;53
26/02/2020;SO45503;HL47;22995;82
26/02/2020;SO45504;HL63;14730;4
26/02/2020;SO45498;HL45;28574;60
26/02/2020;SO45496;HL47;29340;121
26/02/2020;SO45507;HL47;19616;61
26/02/2020;SO45502;HL47;28173;77
27/02/2020;SO45510;HL43;22998;140
27/02/2020;SO45508;HL43;12510;7
27/02/2020;SO45509;HL43;14148;125
28/02/2020;SO45515;HL43;19557;2
28/02/2020;SO45513;HL69;25996;131
28/02/2020;SO45512;HL45;11175;36
28/02/2020;SO45511;HL44;12523;149
28/02/2020;SO45514;HL47;28051;286
01/03/2020;SO45580;HL43;14428;165
01/03/2020;SO45585;HL72;11905;198
01/03/2020;SO45583;HL44;11274;46
01/03/2020;SO45582;HL45;28656;148
01/03/2020;SO45584;HL61;25828;189
01/03/2020;SO45581;HL46;11263;91
02/03/2020;SO45589;HL47;19784;55
02/03/2020;SO45588;HL46;11275;96
02/03/2020;SO45586;HL44;12613;143
02/03/2020;SO45587;HL43;11531;138
02/03/2020;SO45592;HL66;11897;152
02/03/2020;SO45590;HL44;19763;135
02/03/2020;SO45591;HL56;25831;43
03/03/2020;SO45594;HL45;11282;2
03/03/2020;SO45599;HL45;19794;30
03/03/2020;SO45598;HL63;14744;37
03/03/2020;SO45600;HL46;19628;60
03/03/2020;SO45596;HL59;20564;43
03/03/2020;SO45593;HL43;15118;94
03/03/2020;SO45601;HL69;11893;61
03/03/2020;SO45595;HL47;11515;28
04/03/2020;SO45605;HL44;11626;22
04/03/2020;SO45606;HL45;19967;25
04/03/2020;SO45608;HL70;11896;79
04/03/2020;SO45603;HL45;11296;4
04/03/2020;SO45607;HL58;25830;72
04/03/2020;SO45609;HL44;14774;150
04/03/2020;SO45602;HL45;12607;34
04/03/2020;SO45604;HL47;11317;144
05/03/2020;SO45612;HL45;14795;172
05/03/2020;SO45611;HL43;11535;124
05/03/2020;SO45610;HL43;11303;72
06/03/2020;SO45616;HL47;14800;4
06/03/2020;SO45619;HL44;19787;17
06/03/2020;SO45613;HL47;11522;185
06/03/2020;SO45621;HL67;11768;154
06/03/2020;SO45617;HL44;15354;112
06/03/2020;SO45618;HL44;12618;195
06/03/2020;SO45615;HL64;18137;165
06/03/2020;SO45614;HL45;23385;62
06/03/2020;SO45620;HL47;19951;151
07/03/2020;SO45630;HL72;11899;114
07/03/2020;SO45628;HL47;19795;113
07/03/2020;SO45625;HL47;11307;51
07/03/2020;SO45624;HL46;11291;190
07/03/2020;SO45623;HL44;14769;161
07/03/2020;SO45629;HL68;11892;137
07/03/2020;SO45627;HL55;18039;282
07/03/2020;SO45622;HL65;28470;23
07/03/2020;SO45626;HL43;11259;116
08/03/2020;SO45632;HL47;14775;20
08/03/2020;SO45631;HL71;11237;131
08/03/2020;SO45633;HL72;26011;11
08/03/2020;SO45634;HL47;19766;38
09/03/2020;SO45637;HL47;11525;138
09/03/2020;SO45638;HL55;14746;283
09/03/2020;SO45639;HL44;19782;76
09/03/2020;SO45640;HL44;19964;110
09/03/2020;SO45635;HL46;23351;35
09/03/2020;SO45636;HL44;11302;89
10/03/2020;SO45642;HL46;11623;77
10/03/2020;SO45641;HL44;23306;88
11/03/2020;SO45645;HL72;11482;74
11/03/2020;SO45644;HL71;28458;171
11/03/2020;SO45643;HL43;14541;143
11/03/2020;SO45647;HL68;25997;71
11/03/2020;SO45646;HL45;11289;53
11/03/2020;SO45648;HL45;19791;34
12/03/2020;SO45649;HL43;11319;69
12/03/2020;SO45653;HL68;11764;190
12/03/2020;SO45650;HL45;28652;34
12/03/2020;SO45652;HL60;25826;195
12/03/2020;SO45651;HL44;19771;41
13/03/2020;SO45660;HL45;19797;19
13/03/2020;SO45659;HL70;26003;42
13/03/2020;SO45662;HL71;11906;8
13/03/2020;SO45655;HL45;11323;287
13/03/2020;SO45661;HL64;25827;42
13/03/2020;SO45654;HL69;28478;189
13/03/2020;SO45658;HL45;11270;157
13/03/2020;SO45656;HL46;11617;64
13/03/2020;SO45663;HL68;11901;66
13/03/2020;SO45657;HL44;11266;115
14/03/2020;SO45665;HL67;26004;79
14/03/2020;SO45667;HL47;19957;16
14/03/2020;SO45666;HL56;14738;67
14/03/2020;SO45664;HL45;14713;34
15/03/2020;SO45670;HL43;11541;129
15/03/2020;SO45673;HL45;19790;16
15/03/2020;SO45677;HL69;11895;174
15/03/2020;SO45669;HL47;11528;160
15/03/2020;SO45668;HL45;11298;166
15/03/2020;SO45674;HL47;19948;92
15/03/2020;SO45676;HL70;11765;191
15/03/2020;SO45671;HL45;11628;75
15/03/2020;SO45672;HL63;19438;126
15/03/2020;SO45675;HL63;25829;29
16/03/2020;SO45679;HL47;11540;186
16/03/2020;SO45681;HL47;19789;21
16/03/2020;SO45680;HL43;23283;123
16/03/2020;SO45678;HL46;11281;41
16/03/2020;SO45682;HL45;19950;191
17/03/2020;SO45685;HL54;18132;141
17/03/2020;SO45691;HL65;11898;283
17/03/2020;SO45684;HL66;11485;10
17/03/2020;SO45687;HL65;26005;17
17/03/2020;SO45688;HL53;14741;147
17/03/2020;SO45690;HL43;19958;64
17/03/2020;SO45683;HL44;14709;149
17/03/2020;SO45686;HL67;25998;97
17/03/2020;SO45689;HL45;19773;167
18/03/2020;SO45698;HL56;14747;80
18/03/2020;SO45699;HL61;14750;112
18/03/2020;SO45694;HL45;15097;70
18/03/2020;SO45697;HL47;11516;140
18/03/2020;SO45696;HL47;11326;162
18/03/2020;SO45695;HL44;11292;285
18/03/2020;SO45693;HL46;15083;174
18/03/2020;SO45692;HL46;14425;63
19/03/2020;SO45702;HL53;18131;43
19/03/2020;SO45703;HL43;19947;19
19/03/2020;SO45700;HL43;11278;285
19/03/2020;SO45701;HL44;11538;59
20/03/2020;SO45706;HL46;11267;7
20/03/2020;SO45710;HL43;19963;282
20/03/2020;SO45705;HL44;23378;117
20/03/2020;SO45707;HL66;11904;156
20/03/2020;SO45711;HL46;19621;131
20/03/2020;SO45712;HL67;11767;161
20/03/2020;SO45708;HL46;19765;137
20/03/2020;SO45704;HL45;14772;177
20/03/2020;SO45709;HL46;19793;25
21/03/2020;SO45714;HL45;11534;22
21/03/2020;SO45713;HL47;15088;111
21/03/2020;SO45715;HL43;19770;94
21/03/2020;SO45716;HL43;19783;39
22/03/2020;SO45721;HL66;11766;29
22/03/2020;SO45717;HL43;11325;35
22/03/2020;SO45719;HL71;20000;199
22/03/2020;SO45718;HL44;11272;199
22/03/2020;SO45722;HL72;11908;199
22/03/2020;SO45720;HL46;19653;199
23/03/2020;SO45723;HL44;11290;199
23/03/2020;SO45726;HL46;12614;199
23/03/2020;SO45724;HL45;12620;199
23/03/2020;SO45727;HL71;11909;199
23/03/2020;SO45725;HL45;14789;199
24/03/2020;SO45738;HL67;11900;199
24/03/2020;SO45735;HL47;19792;199
24/03/2020;SO45732;HL44;11537;199
24/03/2020;SO45734;HL47;11630;199
24/03/2020;SO45731;HL43;11286;199
24/03/2020;SO45737;HL44;19965;199
24/03/2020;SO45739;HL69;11903;199
24/03/2020;SO45728;HL46;14426;199
24/03/2020;SO45736;HL43;19960;199
24/03/2020;SO45730;HL71;28471;199
24/03/2020;SO45729;HL46;15087;199
24/03/2020;SO45733;HL44;11624;199
25/03/2020;SO45742;HL45;19620;199
25/03/2020;SO45744;HL72;11894;199
25/03/2020;SO45741;HL47;19788;308
25/03/2020;SO45740;HL47;19786;308
25/03/2020;SO45743;HL46;19631;308
26/03/2020;SO45753;HL44;19966;308
26/03/2020;SO45751;HL63;14739;308
26/03/2020;SO45752;HL47;19772;308
26/03/2020;SO45747;HL47;11539;308
26/03/2020;SO45745;HL45;15089;308
26/03/2020;SO45750;HL66;26001;308
26/03/2020;SO45749;HL44;14797;308
26/03/2020;SO45748;HL59;18046;308
26/03/2020;SO45746;HL45;23376;308
27/03/2020;SO45754;HL44;11529;308
27/03/2020;SO45755;HL47;11536;308
27/03/2020;SO45756;HL46;11625;200
28/03/2020;SO45760;HL44;11329;200
28/03/2020;SO45762;HL45;12621;200
28/03/2020;SO45764;HL43;19652;200
28/03/2020;SO45761;HL47;11629;200
28/03/2020;SO45758;HL45;15106;200
28/03/2020;SO45763;HL47;19959;200
28/03/2020;SO45759;HL46;11295;200
28/03/2020;SO45757;HL45;12561;200
29/03/2020;SO45769;HL47;11327;200
29/03/2020;SO45766;HL45;11297;200
29/03/2020;SO45767;HL43;11299;200
29/03/2020;SO45765;HL71;11245;200
29/03/2020;SO45770;HL44;19956;200
29/03/2020;SO45768;HL43;11324;200
30/03/2020;SO45771;HL47;11271;200
30/03/2020;SO45773;HL44;19949;200
30/03/2020;SO45772;HL46;19785;295
30/03/2020;SO45774;HL45;11261;268
31/03/2020;SO45775;HL47;14207;255
31/03/2020;SO45776;HL46;23281;270
31/03/2020;SO45778;HL72;26002;300
31/03/2020;SO45777;HL67;11907;254
01/04/2020;SO45818;HL57;14868;260
01/04/2020;SO45819;HL45;20160;269
01/04/2020;SO45817;HL44;14801;278
01/04/2020;SO45820;HL63;25832;267
01/04/2020;SO45816;HL46;11830;294
02/04/2020;SO45821;HL67;26041;293
02/04/2020;SO45822;HL45;20246;296
02/04/2020;SO45823;HL44;20253;272
03/04/2020;SO45828;HL58;14753;264
03/04/2020;SO45829;HL43;20245;269
03/04/2020;SO45825;HL47;23725;277
03/04/2020;SO45830;HL47;20151;267
03/04/2020;SO45832;HL72;11916;295
03/04/2020;SO45827;HL45;15440;256
03/04/2020;SO45826;HL43;23858;265
03/04/2020;SO45824;HL45;11696;268
03/04/2020;SO45831;HL46;20158;294
04/04/2020;SO45837;HL69;26050;268
04/04/2020;SO45838;HL44;20213;299
04/04/2020;SO45833;HL46;11815;298
04/04/2020;SO45834;HL45;11816;255
04/04/2020;SO45836;HL44;14823;281
04/04/2020;SO45839;HL70;11915;281
04/04/2020;SO45835;HL46;11688;270
05/04/2020;SO45844;HL45;11812;299
05/04/2020;SO45842;HL47;11742;255
05/04/2020;SO45841;HL44;12804;292
05/04/2020;SO45843;HL45;11775;295
06/04/2020;SO45848;HL63;14852;265
06/04/2020;SO45845;HL44;23566;272
06/04/2020;SO45847;HL66;26015;268
06/04/2020;SO45846;HL47;23592;261
06/04/2020;SO45849;HL45;20154;293
07/04/2020;SO45852;HL63;18143;301
07/04/2020;SO45854;HL45;15620;251
07/04/2020;SO45858;HL71;11952;272
07/04/2020;SO45855;HL62;14754;257
07/04/2020;SO45851;HL45;11683;276
07/04/2020;SO45853;HL46;15453;293
07/04/2020;SO45856;HL44;20247;275
07/04/2020;SO45850;HL43;11776;300
07/04/2020;SO45857;HL72;11919;294
08/04/2020;SO45861;HL44;12650;268
08/04/2020;SO45860;HL45;23829;254
08/04/2020;SO45859;HL47;12754;276
09/04/2020;SO45862;HL45;14827;267
09/04/2020;SO45864;HL44;19968;253
09/04/2020;SO45866;HL43;15621;293
09/04/2020;SO45865;HL45;20157;292
09/04/2020;SO45863;HL47;11873;261
10/04/2020;SO45867;HL45;11772;267
10/04/2020;SO45868;HL43;14819;293
10/04/2020;SO45871;HL56;25919;297
10/04/2020;SO45869;HL43;14822;297
10/04/2020;SO45870;HL70;26012;307
11/04/2020;SO45873;HL47;11925;307
11/04/2020;SO45874;HL72;20007;307
11/04/2020;SO45876;HL47;19975;307
11/04/2020;SO45875;HL43;20242;307
11/04/2020;SO45872;HL68;11249;307
11/04/2020;SO45877;HL72;11910;307
12/04/2020;SO45889;HL71;11920;307
12/04/2020;SO45882;HL45;11745;307
12/04/2020;SO45886;HL69;26042;307
12/04/2020;SO45879;HL62;19443;307
12/04/2020;SO45881;HL43;23397;307
12/04/2020;SO45887;HL58;14880;307
12/04/2020;SO45883;HL46;11799;307
12/04/2020;SO45884;HL46;11678;307
12/04/2020;SO45885;HL46;12655;307
12/04/2020;SO45880;HL46;11707;307
12/04/2020;SO45878;HL43;12750;307
13/04/2020;SO45893;HL46;23842;310
13/04/2020;SO45890;HL70;11338;310
13/04/2020;SO45891;HL67;11380;310
13/04/2020;SO45892;HL45;20226;310
14/04/2020;SO45895;HL44;11727;310
14/04/2020;SO45896;HL44;12632;310
14/04/2020;SO45894;HL59;19450;310
15/04/2020;SO45898;HL43;23830;310
15/04/2020;SO45904;HL44;20241;310
15/04/2020;SO45906;HL45;20159;310
15/04/2020;SO45902;HL47;15614;310
15/04/2020;SO45900;HL45;11837;310
15/04/2020;SO45901;HL45;11665;310
15/04/2020;SO45909;HL70;11947;310
15/04/2020;SO45908;HL68;11918;310
15/04/2020;SO45903;HL43;15619;310
15/04/2020;SO45897;HL46;11933;310
15/04/2020;SO45899;HL43;11817;310
15/04/2020;SO45905;HL44;20152;306
15/04/2020;SO45907;HL43;20214;306
16/04/2020;SO45911;HL47;11797;306
16/04/2020;SO45915;HL68;11930;306
16/04/2020;SO45910;HL44;11777;306
16/04/2020;SO45913;HL65;26014;306
16/04/2020;SO45916;HL67;11964;306
16/04/2020;SO45912;HL45;23819;306
16/04/2020;SO45914;HL70;11929;306
17/04/2020;SO45923;HL46;11811;306
17/04/2020;SO45921;HL45;11798;306
17/04/2020;SO45917;HL67;11332;306
17/04/2020;SO45925;HL68;11942;306
17/04/2020;SO45919;HL45;11780;306
17/04/2020;SO45922;HL47;23731;306
17/04/2020;SO45920;HL44;23730;306
17/04/2020;SO45924;HL43;14803;306
17/04/2020;SO45918;HL46;11741;306
18/04/2020;SO45929;HL43;11825;306
18/04/2020;SO45926;HL44;23486;306
18/04/2020;SO45927;HL45;11796;306
18/04/2020;SO45930;HL57;18148;306
18/04/2020;SO45928;HL46;11813;306
18/04/2020;SO45932;HL43;20211;306
18/04/2020;SO45931;HL43;20249;306
19/04/2020;SO45934;HL46;11666;309
19/04/2020;SO45936;HL70;26016;309
19/04/2020;SO45935;HL56;19439;309
19/04/2020;SO45933;HL46;11779;309
20/04/2020;SO45938;HL44;11654;309
20/04/2020;SO45942;HL45;20219;309
20/04/2020;SO45940;HL46;20244;309
20/04/2020;SO45947;HL72;11943;309
20/04/2020;SO45939;HL60;14757;309
20/04/2020;SO45943;HL43;20221;309
20/04/2020;SO45941;HL43;19978;309
20/04/2020;SO45946;HL71;11914;309
20/04/2020;SO45937;HL45;14824;309
20/04/2020;SO45945;HL55;25920;309
20/04/2020;SO45944;HL45;20225;309
21/04/2020;SO45948;HL64;14879;309
21/04/2020;SO45950;HL45;19974;309
21/04/2020;SO45951;HL69;11944;309
21/04/2020;SO45952;HL68;11969;309
21/04/2020;SO45949;HL43;19970;309
22/04/2020;SO45954;HL47;11810;309
22/04/2020;SO45955;HL65;26055;203
22/04/2020;SO45956;HL45;19979;222
22/04/2020;SO45953;HL47;23859;236
23/04/2020;SO45963;HL43;20238;211
23/04/2020;SO45966;HL66;11946;244
23/04/2020;SO45965;HL53;25921;236
23/04/2020;SO45958;HL44;11818;249
23/04/2020;SO45959;HL44;11872;203
23/04/2020;SO45961;HL45;12717;225
23/04/2020;SO45964;HL43;20215;233
23/04/2020;SO45960;HL47;11671;231
23/04/2020;SO45957;HL45;11809;221
23/04/2020;SO45962;HL43;20227;214
24/04/2020;SO45968;HL44;11834;236
24/04/2020;SO45969;HL43;20156;239
24/04/2020;SO45967;HL56;19454;244
25/04/2020;SO45971;HL66;11335;243
25/04/2020;SO45973;HL46;11773;213
25/04/2020;SO45972;HL55;19472;225
25/04/2020;SO45976;HL47;20239;214
25/04/2020;SO45978;HL71;11967;240
25/04/2020;SO45975;HL55;14755;249
25/04/2020;SO45977;HL46;20216;240
25/04/2020;SO45974;HL68;26018;250
26/04/2020;SO45980;HL45;15631;305
26/04/2020;SO45982;HL43;19977;305
26/04/2020;SO45981;HL43;12805;231
26/04/2020;SO45979;HL44;15630;217
27/04/2020;SO45991;HL72;11976;304
27/04/2020;SO45984;HL46;11690;225
27/04/2020;SO45986;HL47;11743;225
27/04/2020;SO45989;HL44;12631;263
27/04/2020;SO45988;HL47;11675;238
27/04/2020;SO45985;HL47;11708;239
27/04/2020;SO45990;HL47;12711;226
27/04/2020;SO45983;HL47;14830;218
27/04/2020;SO45987;HL43;11854;219
28/04/2020;SO45995;HL43;23846;305
28/04/2020;SO45998;HL64;25918;243
28/04/2020;SO45997;HL55;14756;237
28/04/2020;SO45994;HL44;11774;246
28/04/2020;SO45993;HL46;11924;303
28/04/2020;SO45992;HL60;19451;212
28/04/2020;SO45996;HL45;11839;221
29/04/2020;SO46004;HL44;11664;205
29/04/2020;SO45999;HL44;23583;227
29/04/2020;SO46006;HL46;20236;227
29/04/2020;SO46003;HL45;11831;200
29/04/2020;SO46000;HL43;11778;200
29/04/2020;SO46002;HL43;11826;200
29/04/2020;SO46005;HL45;12749;200
29/04/2020;SO46001;HL43;23806;200
29/04/2020;SO46008;HL69;11912;199
29/04/2020;SO46009;HL65;11917;199
29/04/2020;SO46007;HL45;20220;199
30/04/2020;SO46013;HL44;11705;199
30/04/2020;SO46011;HL72;11489;199
30/04/2020;SO46021;HL47;19971;307
30/04/2020;SO46010;HL69;11488;307
30/04/2020;SO46015;HL46;23511;307
30/04/2020;SO46014;HL46;23396;308
30/04/2020;SO46017;HL47;11886;252
30/04/2020;SO46022;HL67;11968;192
30/04/2020;SO46016;HL45;11885;309
30/04/2020;SO46020;HL46;20228;309
30/04/2020;SO46018;HL45;11663;306
30/04/2020;SO46019;HL63;14752;306
30/04/2020;SO46012;HL58;19453;306
01/05/2020;SO46110;HL44;12169;306
01/05/2020;SO46118;HL47;20611;306
01/05/2020;SO46114;HL46;12053;306
01/05/2020;SO46117;HL43;20446;306
01/05/2020;SO46112;HL45;11945;306
01/05/2020;SO46108;HL43;12018;306
01/05/2020;SO46111;HL44;11937;249
01/05/2020;SO46116;HL59;14912;237
01/05/2020;SO46113;HL43;11955;247
01/05/2020;SO46115;HL45;12104;309
01/05/2020;SO46109;HL45;12167;309
01/05/2020;SO46119;HL56;25927;309
02/05/2020;SO46123;HL45;12152;309
02/05/2020;SO46120;HL46;12023;309
02/05/2020;SO46121;HL45;12069;309
02/05/2020;SO46124;HL44;20447;309
02/05/2020;SO46122;HL46;24284;309
03/05/2020;SO46125;HL43;11956;269
03/05/2020;SO46127;HL60;14895;310
03/05/2020;SO46129;HL46;20420;310
03/05/2020;SO46128;HL47;14945;310
04/05/2020;SO46133;HL45;12105;310
04/05/2020;SO46130;HL44;12171;310
04/05/2020;SO46139;HL68;11977;310
04/05/2020;SO46135;HL46;20416;310
04/05/2020;SO46137;HL46;20600;310
04/05/2020;SO46138;HL44;13405;307
04/05/2020;SO46140;HL71;11991;307
04/05/2020;SO46134;HL45;20259;307
04/05/2020;SO46136;HL45;20426;307
04/05/2020;SO46131;HL45;11954;307
04/05/2020;SO46132;HL47;23865;307
05/05/2020;SO46142;HL44;24310;307
05/05/2020;SO46143;HL68;26090;307
05/05/2020;SO46144;HL71;26094;307
06/05/2020;SO46146;HL66;11421;306
06/05/2020;SO46151;HL72;26082;306
06/05/2020;SO46154;HL70;11989;200
06/05/2020;SO46148;HL43;12052;200
06/05/2020;SO46153;HL55;25928;200
06/05/2020;SO46150;HL61;20569;200
06/05/2020;SO46147;HL53;19476;200
06/05/2020;SO46149;HL44;12120;200
07/05/2020;SO46155;HL43;12076;200
07/05/2020;SO46157;HL66;26056;200
07/05/2020;SO46158;HL53;25926;200
07/05/2020;SO46156;HL47;12118;200
07/05/2020;SO46159;HL72;11996;200
08/05/2020;SO46162;HL46;12163;199
08/05/2020;SO46163;HL45;12042;199
08/05/2020;SO46169;HL46;12094;199
08/05/2020;SO46168;HL60;25936;199
08/05/2020;SO46165;HL43;12141;199
08/05/2020;SO46167;HL68;11997;308
08/05/2020;SO46166;HL46;15657;308
08/05/2020;SO46164;HL45;12079;308
08/05/2020;SO46161;HL44;12819;308
08/05/2020;SO46160;HL72;11412;308
09/05/2020;SO46172;HL43;12030;308
09/05/2020;SO46175;HL70;12003;308
09/05/2020;SO46170;HL45;12156;189
09/05/2020;SO46174;HL44;20608;132
09/05/2020;SO46171;HL43;24342;193
09/05/2020;SO46173;HL44;20283;168
10/05/2020;SO46176;HL70;11491;137
10/05/2020;SO46177;HL45;12102;184
10/05/2020;SO46178;HL60;25937;50
11/05/2020;SO46180;HL43;12084;85
11/05/2020;SO46179;HL46;11983;289
11/05/2020;SO46181;HL69;12004;41
11/05/2020;SO46182;HL67;11995;186
12/05/2020;SO46183;HL72;28492;107
12/05/2020;SO46190;HL45;15653;147
12/05/2020;SO46185;HL47;15632;187
12/05/2020;SO46187;HL46;24235;78
12/05/2020;SO46189;HL45;20606;102
12/05/2020;SO46191;HL43;14956;289
12/05/2020;SO46188;HL43;20430;55
12/05/2020;SO46186;HL43;12041;2
13/05/2020;SO46202;HL53;25935;89
13/05/2020;SO46197;HL68;26061;15
13/05/2020;SO46200;HL43;20260;58
13/05/2020;SO46195;HL47;12027;119
13/05/2020;SO46199;HL47;20256;77
13/05/2020;SO46201;HL47;20610;170
13/05/2020;SO46203;HL67;11999;108
13/05/2020;SO46204;HL69;11988;157
13/05/2020;SO46194;HL46;11939;68
13/05/2020;SO46196;HL43;12109;94
13/05/2020;SO46192;HL47;12830;176
13/05/2020;SO46198;HL65;26089;143
13/05/2020;SO46193;HL64;18634;64
14/05/2020;SO46209;HL45;12849;198
14/05/2020;SO46207;HL69;26091;46
14/05/2020;SO46208;HL44;20284;176
14/05/2020;SO46206;HL69;20023;188
14/05/2020;SO46210;HL46;12866;105
14/05/2020;SO46205;HL46;12162;111
15/05/2020;SO46213;HL47;12050;83
15/05/2020;SO46216;HL47;20456;120
15/05/2020;SO46215;HL43;20429;84
15/05/2020;SO46212;HL45;12173;60
15/05/2020;SO46211;HL57;18163;148
15/05/2020;SO46217;HL47;20614;146
15/05/2020;SO46214;HL44;12072;134
16/05/2020;SO46219;HL46;24332;31
16/05/2020;SO46224;HL57;14902;70
16/05/2020;SO46218;HL46;12820;26
16/05/2020;SO46227;HL72;11990;11
16/05/2020;SO46226;HL46;13263;157
16/05/2020;SO46222;HL61;14891;8
16/05/2020;SO46225;HL46;20261;96
16/05/2020;SO46228;HL70;11993;73
16/05/2020;SO46223;HL56;14892;19
16/05/2020;SO46220;HL46;24344;168
16/05/2020;SO46221;HL47;23866;54
17/05/2020;SO46229;HL65;11395;30
17/05/2020;SO46234;HL45;12110;165
17/05/2020;SO46232;HL44;12058;177
17/05/2020;SO46230;HL65;11493;127
17/05/2020;SO46231;HL43;12016;84
17/05/2020;SO46233;HL47;23867;17
17/05/2020;SO46236;HL71;12001;59
17/05/2020;SO46235;HL45;12151;166
17/05/2020;SO46237;HL45;12843;180
18/05/2020;SO46240;HL47;23868;157
18/05/2020;SO46242;HL47;20423;15
18/05/2020;SO46244;HL43;13504;22
18/05/2020;SO46245;HL47;14967;153
18/05/2020;SO46239;HL45;14927;91
18/05/2020;SO46238;HL44;14838;161
18/05/2020;SO46243;HL44;20613;130
18/05/2020;SO46241;HL66;20034;145
19/05/2020;SO46248;HL55;14896;30
19/05/2020;SO46249;HL68;12000;199
19/05/2020;SO46250;HL46;14940;199
19/05/2020;SO46251;HL71;11998;308
19/05/2020;SO46247;HL60;14882;308
19/05/2020;SO46246;HL47;12143;308
20/05/2020;SO46256;HL47;15652;308
20/05/2020;SO46254;HL43;12096;308
20/05/2020;SO46252;HL46;14939;308
20/05/2020;SO46255;HL45;20451;200
20/05/2020;SO46253;HL44;12082;200
20/05/2020;SO46257;HL67;11992;200
21/05/2020;SO46262;HL46;20445;200
21/05/2020;SO46258;HL46;12160;200
21/05/2020;SO46260;HL43;12108;200
21/05/2020;SO46261;HL69;26075;265
21/05/2020;SO46263;HL43;12834;301
21/05/2020;SO46259;HL46;12025;256
22/05/2020;SO46264;HL71;28491;298
22/05/2020;SO46267;HL47;20448;269
22/05/2020;SO46265;HL45;11934;299
22/05/2020;SO46268;HL44;20615;292
22/05/2020;SO46266;HL47;20425;293
23/05/2020;SO46272;HL44;12116;264
23/05/2020;SO46276;HL44;20612;268
23/05/2020;SO46271;HL46;12172;293
23/05/2020;SO46275;HL46;20450;301
23/05/2020;SO46274;HL71;26070;298
23/05/2020;SO46270;HL45;24309;299
23/05/2020;SO46273;HL72;26060;253
24/05/2020;SO46277;HL54;19482;257
24/05/2020;SO46281;HL68;26057;301
24/05/2020;SO46278;HL56;19496;270
24/05/2020;SO46282;HL66;26058;294
24/05/2020;SO46279;HL45;12155;270
24/05/2020;SO46285;HL67;12005;272
24/05/2020;SO46280;HL44;12121;277
24/05/2020;SO46283;HL72;26093;297
25/05/2020;SO46289;HL46;12075;307
25/05/2020;SO46286;HL62;18175;307
25/05/2020;SO46290;HL72;26066;307
25/05/2020;SO46288;HL44;12059;307
25/05/2020;SO46292;HL46;20418;307
25/05/2020;SO46291;HL46;20258;310
25/05/2020;SO46293;HL44;14951;310
25/05/2020;SO46287;HL45;12026;310
25/05/2020;SO46294;HL66;11986;310
26/05/2020;SO46299;HL47;20264;310
26/05/2020;SO46300;HL47;20452;230
26/05/2020;SO46297;HL46;12033;217
26/05/2020;SO46298;HL47;12071;220
26/05/2020;SO46296;HL47;12170;245
27/05/2020;SO46304;HL71;12002;235
27/05/2020;SO46305;HL44;14952;234
27/05/2020;SO46302;HL43;12083;210
27/05/2020;SO46301;HL46;12817;210
27/05/2020;SO46303;HL63;25922;246
28/05/2020;SO46308;HL43;20609;208
28/05/2020;SO46309;HL71;11994;211
28/05/2020;SO46307;HL47;20427;248
28/05/2020;SO46310;HL61;25938;213
28/05/2020;SO46306;HL44;12164;309
29/05/2020;SO46311;HL47;12841;309
30/05/2020;SO46316;HL72;26083;309
30/05/2020;SO46314;HL45;12112;306
30/05/2020;SO46318;HL45;20444;306
30/05/2020;SO46315;HL44;12142;306
30/05/2020;SO46313;HL46;12078;306
30/05/2020;SO46312;HL47;12153;306
30/05/2020;SO46317;HL60;14884;306
31/05/2020;SO46319;HL44;12103;99
31/05/2020;SO46321;HL58;14894;200
31/05/2020;SO46320;HL72;26084;129
01/06/2020;SO46393;HL47;15695;173
01/06/2020;SO46391;HL45;20995;199
01/06/2020;SO46390;HL46;12440;310
01/06/2020;SO46392;HL46;13537;307
02/06/2020;SO46396;HL44;12442;213
02/06/2020;SO46405;HL43;20994;95
02/06/2020;SO46395;HL67;11496;17
02/06/2020;SO46398;HL44;20992;176
02/06/2020;SO46399;HL47;20820;310
02/06/2020;SO46402;HL46;20616;306
02/06/2020;SO46397;HL57;27014;288
02/06/2020;SO46400;HL47;20987;199
02/06/2020;SO46401;HL43;20993;199
02/06/2020;SO46403;HL47;14990;200
02/06/2020;SO46394;HL47;15055;200
02/06/2020;SO46404;HL45;15692;261
03/06/2020;SO46407;HL64;27026;276
03/06/2020;SO46406;HL45;12779;307
03/06/2020;SO46408;HL72;12011;309
04/06/2020;SO46413;HL67;20075;306
04/06/2020;SO46414;HL62;15006;306
04/06/2020;SO46411;HL47;24661;306
04/06/2020;SO46415;HL43;20819;309
04/06/2020;SO46412;HL44;24493;306
04/06/2020;SO46409;HL46;15073;199
05/06/2020;SO46418;HL45;20988;199
05/06/2020;SO46419;HL65;12021;128
05/06/2020;SO46420;HL46;13511;306
05/06/2020;SO46416;HL46;12181;238
05/06/2020;SO46421;HL61;25949;199
05/06/2020;SO46417;HL47;12441;306
06/06/2020;SO46426;HL65;26107;306
06/06/2020;SO46428;HL44;20629;202
06/06/2020;SO46424;HL45;12435;215
06/06/2020;SO46427;HL71;20182;204
06/06/2020;SO46425;HL46;24496;306
06/06/2020;SO46422;HL44;12884;261
06/06/2020;SO46423;HL46;12362;200
07/06/2020;SO46432;HL64;15016;200
07/06/2020;SO46429;HL66;11428;200
07/06/2020;SO46436;HL68;12337;307
07/06/2020;SO46433;HL45;20991;308
07/06/2020;SO46434;HL46;20996;308
07/06/2020;SO46431;HL43;12901;310
07/06/2020;SO46430;HL47;13564;310
07/06/2020;SO46435;HL69;12251;307
08/06/2020;SO46442;HL47;14997;307
08/06/2020;SO46441;HL45;15661;307
08/06/2020;SO46438;HL46;12174;307
08/06/2020;SO46439;HL46;20817;307
08/06/2020;SO46443;HL47;15662;310
08/06/2020;SO46440;HL45;20621;310
08/06/2020;SO46437;HL46;15054;310
08/06/2020;SO46444;HL72;12246;275
09/06/2020;SO46445;HL45;12772;301
09/06/2020;SO46448;HL65;12250;278
09/06/2020;SO46446;HL45;12777;276
09/06/2020;SO46447;HL45;20984;253
09/06/2020;SO46449;HL66;12007;251
10/06/2020;SO46456;HL67;12014;276
10/06/2020;SO46451;HL43;12709;296
10/06/2020;SO46453;HL46;20626;259
10/06/2020;SO46450;HL47;12446;253
10/06/2020;SO46452;HL70;26112;301
10/06/2020;SO46455;HL47;15669;122
10/06/2020;SO46454;HL43;20812;57
10/06/2020;SO46457;HL55;25947;113
11/06/2020;SO46460;HL45;12438;182
11/06/2020;SO46461;HL44;20821;288
11/06/2020;SO46459;HL46;12190;1
11/06/2020;SO46462;HL66;12013;68
11/06/2020;SO46458;HL43;12771;1
12/06/2020;SO46468;HL44;24431;182
12/06/2020;SO46472;HL65;12248;185
12/06/2020;SO46467;HL47;12180;172
12/06/2020;SO46463;HL69;11423;74
12/06/2020;SO46464;HL43;12885;5
12/06/2020;SO46473;HL44;14969;288
12/06/2020;SO46466;HL44;12915;57
12/06/2020;SO46470;HL54;14915;128
12/06/2020;SO46465;HL44;12898;57
12/06/2020;SO46469;HL59;19033;36
12/06/2020;SO46471;HL43;14979;111
12/06/2020;SO46474;HL64;25944;34
13/06/2020;SO46477;HL67;12009;128
13/06/2020;SO46476;HL71;26110;164
13/06/2020;SO46475;HL54;20575;128
13/06/2020;SO46478;HL56;25939;113
14/06/2020;SO46482;HL67;12245;68
14/06/2020;SO46480;HL68;26114;136
14/06/2020;SO46479;HL43;12768;50
14/06/2020;SO46481;HL46;20623;199
15/06/2020;SO46485;HL46;12755;199
15/06/2020;SO46487;HL62;14913;199
15/06/2020;SO46484;HL45;12437;199
15/06/2020;SO46488;HL45;20628;308
15/06/2020;SO46486;HL59;19901;308
15/06/2020;SO46483;HL45;12883;308
16/06/2020;SO46489;HL46;24666;200
16/06/2020;SO46490;HL46;12189;200
17/06/2020;SO46491;HL47;24759;200
17/06/2020;SO46495;HL44;20989;200
17/06/2020;SO46493;HL57;15023;200
17/06/2020;SO46494;HL46;20983;49
17/06/2020;SO46492;HL45;12198;162
17/06/2020;SO46496;HL45;20627;21
18/06/2020;SO46504;HL64;15005;69
18/06/2020;SO46503;HL43;12764;148
18/06/2020;SO46499;HL43;12179;167
18/06/2020;SO46501;HL57;19518;78
18/06/2020;SO46500;HL47;12208;27
18/06/2020;SO46506;HL70;12242;54
18/06/2020;SO46498;HL46;12881;77
18/06/2020;SO46497;HL43;13558;9
18/06/2020;SO46505;HL68;12241;62
18/06/2020;SO46507;HL53;25941;86
18/06/2020;SO46502;HL57;19051;283
19/06/2020;SO46519;HL43;15660;58
19/06/2020;SO46516;HL72;26116;91
19/06/2020;SO46513;HL46;24418;21
19/06/2020;SO46514;HL64;19028;129
19/06/2020;SO46517;HL46;20624;153
19/06/2020;SO46510;HL44;24386;8
19/06/2020;SO46515;HL63;19904;19
19/06/2020;SO46509;HL43;12886;139
19/06/2020;SO46520;HL45;24491;286
19/06/2020;SO46518;HL47;20814;28
19/06/2020;SO46512;HL44;12209;146
19/06/2020;SO46511;HL46;24392;38
19/06/2020;SO46508;HL70;28504;46
20/06/2020;SO46523;HL46;12756;171
20/06/2020;SO46521;HL43;12770;16
20/06/2020;SO46525;HL47;20816;62
20/06/2020;SO46522;HL45;12882;116
20/06/2020;SO46527;HL60;25940;284
20/06/2020;SO46526;HL68;12253;151
20/06/2020;SO46524;HL72;26111;102
21/06/2020;SO46536;HL44;13556;288
21/06/2020;SO46532;HL62;19041;157
21/06/2020;SO46530;HL46;24671;175
21/06/2020;SO46533;HL69;26106;35
21/06/2020;SO46529;HL47;12784;282
21/06/2020;SO46528;HL44;15063;59
21/06/2020;SO46531;HL43;12423;137
21/06/2020;SO46535;HL43;20815;99
21/06/2020;SO46534;HL45;20620;186
22/06/2020;SO46541;HL43;20617;73
22/06/2020;SO46537;HL65;11427;92
22/06/2020;SO46538;HL43;12774;44
22/06/2020;SO46539;HL47;12200;181
22/06/2020;SO46540;HL47;20822;151
23/06/2020;SO46552;HL57;15017;153
23/06/2020;SO46551;HL58;14914;126
23/06/2020;SO46553;HL45;20985;99
23/06/2020;SO46542;HL68;11431;115
23/06/2020;SO46556;HL56;25948;39
23/06/2020;SO46543;HL66;11549;59
23/06/2020;SO46546;HL43;12780;6
23/06/2020;SO46544;HL44;12766;146
23/06/2020;SO46545;HL43;24646;14
23/06/2020;SO46555;HL72;12010;149
23/06/2020;SO46554;HL46;20990;183
23/06/2020;SO46548;HL43;12418;75
23/06/2020;SO46550;HL71;26097;64
23/06/2020;SO46549;HL46;12452;89
23/06/2020;SO46547;HL46;12917;81
24/06/2020;SO46563;HL53;25945;51
24/06/2020;SO46558;HL47;12184;119
24/06/2020;SO46562;HL44;14978;191
24/06/2020;SO46559;HL43;12762;92
24/06/2020;SO46560;HL65;26096;71
24/06/2020;SO46561;HL45;20625;60
24/06/2020;SO46557;HL43;12904;196
25/06/2020;SO46568;HL45;12761;163
25/06/2020;SO46567;HL46;12707;84
25/06/2020;SO46566;HL44;12789;158
25/06/2020;SO46565;HL44;12769;39
26/06/2020;SO46570;HL46;13536;124
26/06/2020;SO46569;HL45;12450;142
26/06/2020;SO46571;HL46;15668;147
26/06/2020;SO46574;HL69;12243;152
26/06/2020;SO46575;HL72;12338;172
26/06/2020;SO46573;HL47;13555;167
26/06/2020;SO46572;HL47;13552;104
27/06/2020;SO46576;HL43;24757;27
27/06/2020;SO46581;HL47;12188;197
27/06/2020;SO46577;HL44;12913;100
27/06/2020;SO46579;HL44;12186;103
27/06/2020;SO46578;HL47;12178;186
27/06/2020;SO46583;HL43;20622;43
27/06/2020;SO46584;HL69;12252;30
27/06/2020;SO46580;HL43;12187;129
27/06/2020;SO46582;HL47;12207;193
28/06/2020;SO46589;HL56;25946;116
28/06/2020;SO46588;HL72;20035;81
28/06/2020;SO46586;HL46;12364;173
28/06/2020;SO46587;HL47;12448;6
28/06/2020;SO46585;HL47;15050;195
29/06/2020;SO46593;HL47;12912;130
29/06/2020;SO46592;HL46;24664;119
29/06/2020;SO46595;HL45;15691;113
29/06/2020;SO46596;HL70;12037;135
29/06/2020;SO46594;HL47;20818;169
29/06/2020;SO46597;HL69;12039;41
29/06/2020;SO46591;HL43;12773;91
29/06/2020;SO46590;HL45;24501;4
30/06/2020;SO46603;HL66;12240;66
30/06/2020;SO46601;HL66;26098;163
30/06/2020;SO46598;HL44;15080;116
30/06/2020;SO46600;HL60;19027;195
30/06/2020;SO46599;HL43;12206;155
30/06/2020;SO46602;HL45;20823;13
01/07/2020;SO46677;HL86;15460;69
01/07/2020;SO46679;HL87;13062;20
01/07/2020;SO46683;HL74;12571;194
01/07/2020;SO46681;HL78;12349;119
01/07/2020;SO46676;HL93;18047;288
01/07/2020;SO46682;HL76;12355;18
01/07/2020;SO46680;HL86;21193;194
01/07/2020;SO46678;HL58;19930;73
02/07/2020;SO46685;HL89;12947;63
02/07/2020;SO46684;HL91;18125;169
02/07/2020;SO46686;HL55;20577;170
03/07/2020;SO46687;HL90;15457;13
03/07/2020;SO46695;HL76;20208;170
03/07/2020;SO46692;HL84;13208;154
03/07/2020;SO46697;HL86;21173;103
03/07/2020;SO46693;HL87;13210;21
03/07/2020;SO46694;HL87;13220;5
03/07/2020;SO46689;HL84;13032;44
03/07/2020;SO46699;HL57;25961;283
03/07/2020;SO46698;HL89;21206;79
03/07/2020;SO46696;HL85;21166;71
03/07/2020;SO46690;HL83;13039;139
03/07/2020;SO46688;HL84;12929;134
03/07/2020;SO46691;HL83;13142;92
04/07/2020;SO46708;HL89;21200;190
04/07/2020;SO46706;HL73;20186;155
04/07/2020;SO46705;HL85;13085;31
04/07/2020;SO46701;HL88;15114;166
04/07/2020;SO46707;HL61;15199;194
04/07/2020;SO46703;HL61;20576;157
04/07/2020;SO46700;HL91;16942;94
04/07/2020;SO46704;HL85;13059;118
04/07/2020;SO46702;HL84;15116;20
05/07/2020;SO46716;HL88;25046;39
05/07/2020;SO46709;HL94;19172;108
05/07/2020;SO46718;HL77;12570;14
05/07/2020;SO46710;HL75;11484;27
05/07/2020;SO46711;HL84;13592;125
05/07/2020;SO46712;HL87;13779;93
05/07/2020;SO46714;HL83;13093;166
05/07/2020;SO46713;HL86;24778;21
05/07/2020;SO46715;HL88;24976;92
05/07/2020;SO46717;HL83;25048;108
06/07/2020;SO46720;HL86;13667;13
06/07/2020;SO46723;HL83;12918;29
06/07/2020;SO46726;HL87;20999;63
06/07/2020;SO46727;HL85;21002;173
06/07/2020;SO46719;HL78;11604;109
06/07/2020;SO46728;HL76;12354;12
06/07/2020;SO46722;HL93;17095;158
06/07/2020;SO46729;HL53;26019;92
06/07/2020;SO46721;HL85;16046;67
06/07/2020;SO46725;HL84;21191;154
07/07/2020;SO46730;HL90;15100;147
07/07/2020;SO46733;HL88;24781;163
07/07/2020;SO46734;HL88;13060;51
07/07/2020;SO46732;HL93;13992;40
07/07/2020;SO46735;HL86;13226;168
07/07/2020;SO46736;HL77;12341;33
07/07/2020;SO46731;HL86;15101;120
07/07/2020;SO46738;HL78;12576;78
07/07/2020;SO46737;HL74;12346;286
08/07/2020;SO46743;HL87;21183;32
08/07/2020;SO46741;HL85;28766;32
08/07/2020;SO46739;HL87;15699;51
08/07/2020;SO46740;HL90;12980;100
08/07/2020;SO46742;HL76;20206;107
08/07/2020;SO46744;HL85;21199;33
09/07/2020;SO46746;HL83;13057;184
09/07/2020;SO46749;HL74;12350;71
09/07/2020;SO46745;HL84;13056;187
09/07/2020;SO46748;HL77;26252;75
09/07/2020;SO46747;HL77;26127;93
10/07/2020;SO46754;HL53;25958;187
10/07/2020;SO46755;HL64;26023;287
10/07/2020;SO46752;HL64;19931;160
10/07/2020;SO46750;HL89;16054;47
10/07/2020;SO46751;HL89;12934;77
10/07/2020;SO46753;HL90;21215;24
10/07/2020;SO46756;HL92;13993;114
11/07/2020;SO46765;HL59;15191;176
11/07/2020;SO46768;HL62;26020;35
11/07/2020;SO46760;HL94;13986;52
11/07/2020;SO46761;HL55;19924;283
11/07/2020;SO46759;HL87;16033;125
11/07/2020;SO46767;HL78;12573;44
11/07/2020;SO46757;HL74;26174;67
11/07/2020;SO46762;HL83;13063;158
11/07/2020;SO46764;HL77;26238;31
11/07/2020;SO46758;HL94;18130;48
11/07/2020;SO46766;HL84;21216;93
11/07/2020;SO46763;HL88;13202;130
12/07/2020;SO46771;HL89;13068;80
12/07/2020;SO46770;HL85;15357;46
12/07/2020;SO46773;HL86;13173;176
12/07/2020;SO46774;HL88;13225;2
12/07/2020;SO46772;HL88;13161;184
12/07/2020;SO46776;HL77;12356;37
12/07/2020;SO46769;HL89;15702;120
13/07/2020;SO46777;HL75;11568;22
13/07/2020;SO46778;HL73;11610;47
13/07/2020;SO46786;HL74;26201;58
13/07/2020;SO46787;HL59;15195;194
13/07/2020;SO46785;HL87;13190;145
13/07/2020;SO46779;HL89;15929;14
13/07/2020;SO46782;HL86;12975;76
13/07/2020;SO46784;HL88;13178;132
13/07/2020;SO46780;HL90;12942;10
13/07/2020;SO46781;HL90;12949;188
13/07/2020;SO46788;HL76;12342;139
13/07/2020;SO46783;HL61;19069;6
14/07/2020;SO46798;HL83;21201;86
14/07/2020;SO46791;HL84;13016;117
14/07/2020;SO46795;HL78;26234;287
14/07/2020;SO46793;HL88;13214;12
14/07/2020;SO46790;HL90;12930;28
14/07/2020;SO46792;HL87;13083;105
14/07/2020;SO46797;HL86;21197;170
14/07/2020;SO46794;HL87;24977;69
14/07/2020;SO46796;HL77;26247;22
15/07/2020;SO46801;HL83;25094;10
15/07/2020;SO46800;HL85;13019;169
15/07/2020;SO46802;HL61;15188;43
15/07/2020;SO46799;HL86;13662;155
16/07/2020;SO46807;HL74;12339;30
16/07/2020;SO46803;HL90;13595;96
16/07/2020;SO46804;HL54;19052;47
16/07/2020;SO46805;HL87;13055;158
16/07/2020;SO46806;HL85;21195;98
16/07/2020;SO46808;HL77;12347;103
17/07/2020;SO46812;HL86;13069;124
17/07/2020;SO46816;HL85;13230;102
17/07/2020;SO46819;HL83;21001;87
17/07/2020;SO46813;HL90;13152;155
17/07/2020;SO46809;HL86;13766;180
17/07/2020;SO46818;HL84;21211;45
17/07/2020;SO46817;HL75;26121;145
17/07/2020;SO46815;HL88;25093;154
17/07/2020;SO46811;HL84;12941;104
17/07/2020;SO46814;HL86;13165;199
17/07/2020;SO46810;HL85;15622;199
18/07/2020;SO46821;HL89;24824;199
18/07/2020;SO46825;HL74;12574;199
18/07/2020;SO46820;HL73;28510;199
18/07/2020;SO46826;HL77;12575;199
18/07/2020;SO46822;HL55;15155;199
18/07/2020;SO46824;HL93;24608;199
18/07/2020;SO46823;HL54;15193;199
19/07/2020;SO46827;HL87;13799;199
19/07/2020;SO46831;HL84;13066;199
19/07/2020;SO46834;HL90;12923;199
19/07/2020;SO46829;HL84;24786;199
19/07/2020;SO46832;HL73;20188;199
19/07/2020;SO46830;HL61;19910;199
19/07/2020;SO46828;HL93;13990;199
20/07/2020;SO46837;HL91;14003;199
20/07/2020;SO46836;HL89;13769;199
20/07/2020;SO46843;HL88;21168;199
20/07/2020;SO46841;HL86;13174;199
20/07/2020;SO46844;HL76;12343;199
20/07/2020;SO46842;HL53;15166;199
20/07/2020;SO46840;HL84;13058;199
20/07/2020;SO46835;HL86;13768;199
20/07/2020;SO46839;HL88;24817;308
21/07/2020;SO46846;HL87;13575;308
21/07/2020;SO46851;HL77;20209;308
21/07/2020;SO46849;HL85;24960;308
21/07/2020;SO46852;HL59;15194;308
21/07/2020;SO46845;HL76;11603;308
21/07/2020;SO46847;HL86;13793;308
21/07/2020;SO46854;HL88;20997;308
21/07/2020;SO46850;HL85;13221;308
21/07/2020;SO46853;HL83;21192;308
21/07/2020;SO46848;HL86;16201;308
22/07/2020;SO46861;HL89;21214;308
22/07/2020;SO46857;HL86;13064;308
22/07/2020;SO46855;HL90;15117;308
22/07/2020;SO46859;HL85;13205;308
22/07/2020;SO46860;HL86;21180;308
22/07/2020;SO46858;HL85;13067;308
22/07/2020;SO46856;HL85;12935;308
23/07/2020;SO46862;HL78;11550;308
23/07/2020;SO46865;HL88;15456;308
23/07/2020;SO46864;HL87;16045;308
23/07/2020;SO46868;HL84;13189;200
23/07/2020;SO46863;HL78;11575;200
23/07/2020;SO46867;HL89;13029;200
23/07/2020;SO46866;HL84;12981;200
24/07/2020;SO46874;HL91;24606;200
24/07/2020;SO46870;HL83;13605;200
24/07/2020;SO46873;HL89;21167;200
24/07/2020;SO46871;HL85;13800;200
24/07/2020;SO46869;HL90;13577;200
25/07/2020;SO46876;HL88;15084;200
25/07/2020;SO46881;HL74;12572;200
25/07/2020;SO46879;HL90;13224;200
25/07/2020;SO46883;HL73;26241;200
25/07/2020;SO46875;HL78;11470;200
25/07/2020;SO46878;HL84;25061;200
25/07/2020;SO46877;HL85;12926;200
25/07/2020;SO46880;HL60;15167;200
25/07/2020;SO46882;HL64;25960;200
26/07/2020;SO46885;HL87;15933;295
26/07/2020;SO46886;HL89;28669;260
26/07/2020;SO46888;HL55;26021;267
26/07/2020;SO46887;HL78;12340;301
26/07/2020;SO46884;HL83;13565;277
27/07/2020;SO46895;HL74;26183;296
27/07/2020;SO46892;HL85;13086;252
27/07/2020;SO46898;HL84;21205;302
27/07/2020;SO46897;HL83;21179;292
27/07/2020;SO46891;HL55;20592;278
27/07/2020;SO46896;HL59;15189;302
27/07/2020;SO46889;HL92;19173;260
27/07/2020;SO46894;HL75;26120;300
27/07/2020;SO46893;HL84;28659;269
27/07/2020;SO46890;HL83;12921;256
28/07/2020;SO46899;HL91;13999;270
28/07/2020;SO46902;HL88;21000;270
28/07/2020;SO46903;HL74;12353;265
28/07/2020;SO46901;HL88;21203;255
28/07/2020;SO46900;HL88;21194;293
29/07/2020;SO46908;HL85;21189;299
29/07/2020;SO46909;HL90;20998;275
29/07/2020;SO46905;HL88;16053;277
29/07/2020;SO46907;HL83;13087;269
29/07/2020;SO46904;HL94;17080;270
29/07/2020;SO46906;HL83;12950;294
30/07/2020;SO46910;HL58;20710;254
30/07/2020;SO46914;HL75;26245;267
30/07/2020;SO46919;HL78;11481;301
30/07/2020;SO46915;HL78;26276;298
30/07/2020;SO46916;HL57;15196;272
30/07/2020;SO46918;HL64;26022;254
30/07/2020;SO46913;HL88;13212;293
30/07/2020;SO46911;HL89;24832;281
30/07/2020;SO46912;HL89;13177;302
30/07/2020;SO46917;HL86;21202;252
31/07/2020;SO46924;HL88;13203;302
31/07/2020;SO46920;HL78;11609;257
31/07/2020;SO46921;HL86;15454;298
31/07/2020;SO46927;HL78;12348;295
31/07/2020;SO46923;HL84;13176;269
31/07/2020;SO46928;HL75;12358;265
31/07/2020;SO46922;HL83;13088;277
31/07/2020;SO46926;HL89;21169;253
31/07/2020;SO46925;HL87;21165;252
01/08/2020;SO47074;HL78;26293;254
01/08/2020;SO47069;HL92;14017;298
01/08/2020;SO47068;HL85;13246;300
01/08/2020;SO47071;HL84;15667;292
01/08/2020;SO47075;HL77;12685;251
01/08/2020;SO47073;HL84;25287;257
01/08/2020;SO47070;HL94;14025;295
01/08/2020;SO47072;HL63;20062;302
01/08/2020;SO47076;HL78;12588;264
02/08/2020;SO47084;HL85;21561;277
02/08/2020;SO47082;HL54;15254;295
02/08/2020;SO47081;HL63;15203;253
02/08/2020;SO47079;HL88;13359;256
02/08/2020;SO47078;HL88;13248;275
02/08/2020;SO47080;HL77;26302;259
02/08/2020;SO47077;HL84;16329;267
02/08/2020;SO47083;HL57;15288;301
03/08/2020;SO47085;HL90;16311;255
03/08/2020;SO47090;HL89;21394;270
03/08/2020;SO47089;HL63;15284;296
03/08/2020;SO47088;HL84;13274;268
03/08/2020;SO47087;HL89;13383;296
04/08/2020;SO47095;HL85;25095;307
04/08/2020;SO47092;HL84;28802;307
04/08/2020;SO47099;HL55;26134;307
04/08/2020;SO47097;HL85;21257;307
04/08/2020;SO47094;HL89;15664;307
04/08/2020;SO47093;HL84;13380;307
04/08/2020;SO47098;HL77;12667;307
04/08/2020;SO47091;HL74;28532;307
05/08/2020;SO47105;HL86;13319;307
05/08/2020;SO47101;HL86;16260;307
05/08/2020;SO47106;HL84;25361;307
05/08/2020;SO47102;HL85;13424;307
05/08/2020;SO47100;HL77;11612;307
05/08/2020;SO47103;HL83;13369;307
05/08/2020;SO47104;HL90;13279;307
06/08/2020;SO47112;HL75;20318;307
06/08/2020;SO47115;HL85;21393;307
06/08/2020;SO47107;HL73;11616;307
06/08/2020;SO47113;HL64;15255;310
06/08/2020;SO47109;HL88;28819;310
06/08/2020;SO47118;HL78;28541;310
06/08/2020;SO47117;HL74;12586;310
06/08/2020;SO47111;HL84;25100;310
06/08/2020;SO47108;HL84;13839;310
06/08/2020;SO47110;HL85;28850;310
06/08/2020;SO47114;HL87;21387;310
06/08/2020;SO47116;HL94;24611;310
07/08/2020;SO47127;HL86;21258;310
07/08/2020;SO47126;HL86;13326;310
07/08/2020;SO47120;HL91;14006;310
07/08/2020;SO47129;HL73;12677;310
07/08/2020;SO47119;HL83;16275;310
07/08/2020;SO47122;HL86;13362;310
07/08/2020;SO47128;HL83;21556;310
07/08/2020;SO47121;HL88;28832;310
07/08/2020;SO47123;HL86;25408;306
07/08/2020;SO47125;HL88;13325;306
07/08/2020;SO47124;HL86;13384;306
08/08/2020;SO47131;HL86;13243;306
08/08/2020;SO47133;HL90;13357;306
08/08/2020;SO47130;HL88;16406;306
08/08/2020;SO47132;HL88;13283;306
08/08/2020;SO47134;HL74;26296;306
08/08/2020;SO47136;HL90;21389;306
08/08/2020;SO47135;HL64;27027;306
08/08/2020;SO47137;HL86;13348;306
09/08/2020;SO47142;HL84;21230;306
09/08/2020;SO47144;HL64;26033;306
09/08/2020;SO47139;HL88;13238;306
09/08/2020;SO47145;HL62;26131;306
09/08/2020;SO47141;HL86;21225;306
09/08/2020;SO47140;HL75;26290;306
09/08/2020;SO47143;HL78;12684;306
09/08/2020;SO47138;HL90;16308;306
10/08/2020;SO47148;HL89;21259;306
10/08/2020;SO47147;HL88;13324;246
10/08/2020;SO47149;HL77;12669;304
10/08/2020;SO47146;HL95;18133;208
11/08/2020;SO47151;HL85;25363;232
11/08/2020;SO47152;HL77;28547;239
11/08/2020;SO47150;HL85;15625;234
11/08/2020;SO47154;HL60;26133;220
11/08/2020;SO47153;HL53;26024;245
12/08/2020;SO47163;HL78;12671;211
12/08/2020;SO47162;HL86;21418;232
12/08/2020;SO47159;HL78;26300;236
12/08/2020;SO47161;HL88;21408;236
12/08/2020;SO47155;HL85;13801;242
12/08/2020;SO47158;HL77;26280;205
12/08/2020;SO47160;HL84;21403;263
12/08/2020;SO47157;HL84;25864;222
12/08/2020;SO47156;HL87;28837;232
13/08/2020;SO47174;HL74;12584;211
13/08/2020;SO47170;HL89;21228;214
13/08/2020;SO47166;HL83;15656;263
13/08/2020;SO47171;HL87;21552;305
13/08/2020;SO47168;HL89;13286;249
13/08/2020;SO47173;HL75;12675;224
13/08/2020;SO47169;HL73;26281;207
13/08/2020;SO47175;HL83;13812;204
13/08/2020;SO47167;HL88;13419;204
13/08/2020;SO47165;HL85;15649;246
13/08/2020;SO47172;HL73;12668;214
13/08/2020;SO47164;HL77;12123;241
14/08/2020;SO47180;HL85;13287;212
14/08/2020;SO47184;HL90;21380;240
14/08/2020;SO47178;HL92;14026;221
14/08/2020;SO47185;HL75;12133;246
14/08/2020;SO47181;HL83;13329;250
14/08/2020;SO47182;HL74;26298;213
14/08/2020;SO47179;HL89;28848;239
14/08/2020;SO47183;HL60;15200;247
14/08/2020;SO47177;HL91;14022;219
14/08/2020;SO47176;HL76;11492;248
15/08/2020;SO47186;HL86;13806;203
15/08/2020;SO47189;HL87;28818;250
15/08/2020;SO47196;HL78;26286;212
15/08/2020;SO47188;HL95;19253;235
15/08/2020;SO47195;HL86;13355;243
15/08/2020;SO47193;HL57;20162;245
15/08/2020;SO47192;HL86;16328;303
15/08/2020;SO47187;HL93;18134;202
15/08/2020;SO47194;HL89;13269;201
15/08/2020;SO47191;HL90;13382;309
15/08/2020;SO47190;HL84;25892;309
15/08/2020;SO47197;HL89;21218;309
16/08/2020;SO47198;HL85;14169;309
16/08/2020;SO47201;HL75;26277;309
16/08/2020;SO47202;HL75;26285;309
16/08/2020;SO47199;HL54;20051;309
16/08/2020;SO47200;HL87;13247;309
17/08/2020;SO47212;HL77;12580;309
17/08/2020;SO47209;HL85;21379;309
17/08/2020;SO47206;HL59;15256;309
17/08/2020;SO47207;HL61;27043;309
17/08/2020;SO47211;HL78;12578;309
17/08/2020;SO47205;HL73;26301;309
17/08/2020;SO47210;HL95;24609;309
17/08/2020;SO47208;HL84;21359;309
17/08/2020;SO47203;HL85;25883;309
17/08/2020;SO47204;HL89;25371;309
18/08/2020;SO47214;HL95;19195;309
18/08/2020;SO47219;HL78;12577;105
18/08/2020;SO47217;HL88;21222;13
18/08/2020;SO47213;HL89;16287;85
18/08/2020;SO47215;HL83;28836;72
18/08/2020;SO47220;HL76;12579;308
18/08/2020;SO47218;HL84;21361;308
18/08/2020;SO47216;HL77;26299;199
19/08/2020;SO47224;HL84;15659;199
19/08/2020;SO47228;HL88;13237;199
19/08/2020;SO47223;HL85;25875;199
19/08/2020;SO47226;HL83;13314;199
19/08/2020;SO47227;HL88;25288;199
19/08/2020;SO47231;HL78;11564;199
19/08/2020;SO47221;HL85;13823;199
19/08/2020;SO47230;HL86;21256;199
19/08/2020;SO47225;HL88;13277;199
19/08/2020;SO47222;HL91;26316;199
19/08/2020;SO47229;HL76;26295;200
20/08/2020;SO47238;HL85;16405;200
20/08/2020;SO47236;HL93;14023;200
20/08/2020;SO47233;HL90;16250;200
20/08/2020;SO47243;HL62;20712;200
20/08/2020;SO47240;HL91;24612;200
20/08/2020;SO47235;HL88;16317;200
20/08/2020;SO47234;HL95;19260;200
20/08/2020;SO47242;HL78;28540;200
20/08/2020;SO47237;HL83;28834;200
20/08/2020;SO47241;HL83;21559;200
20/08/2020;SO47239;HL86;21384;200
20/08/2020;SO47232;HL87;15627;200
21/08/2020;SO47250;HL90;21217;200
21/08/2020;SO47251;HL89;21226;200
21/08/2020;SO47245;HL88;16420;199
21/08/2020;SO47249;HL89;13346;307
21/08/2020;SO47246;HL64;20713;307
21/08/2020;SO47253;HL75;12683;307
21/08/2020;SO47252;HL73;12676;307
21/08/2020;SO47248;HL88;13340;307
21/08/2020;SO47244;HL93;19193;307
21/08/2020;SO47247;HL86;13292;306
22/08/2020;SO47257;HL83;14141;306
22/08/2020;SO47258;HL89;13298;214
22/08/2020;SO47255;HL76;11561;284
22/08/2020;SO47261;HL78;26305;11
22/08/2020;SO47262;HL90;21560;290
22/08/2020;SO47259;HL88;13351;125
22/08/2020;SO47254;HL59;15276;292
22/08/2020;SO47256;HL87;16417;309
22/08/2020;SO47260;HL88;13233;306
22/08/2020;SO47263;HL76;12589;306
23/08/2020;SO47266;HL89;21555;306
23/08/2020;SO47267;HL73;12674;306
23/08/2020;SO47265;HL88;13250;306
23/08/2020;SO47264;HL83;16410;306
23/08/2020;SO47268;HL88;21402;306
24/08/2020;SO47271;HL91;18140;306
24/08/2020;SO47277;HL86;21219;306
24/08/2020;SO47269;HL78;28512;212
24/08/2020;SO47272;HL86;29013;209
24/08/2020;SO47279;HL78;12680;309
24/08/2020;SO47275;HL62;19076;309
24/08/2020;SO47270;HL77;28519;309
24/08/2020;SO47273;HL83;13420;309
24/08/2020;SO47278;HL90;21404;309
24/08/2020;SO47276;HL64;15289;302
25/08/2020;SO47285;HL87;29135;259
25/08/2020;SO47287;HL88;13280;269
25/08/2020;SO47283;HL87;15655;251
25/08/2020;SO47282;HL91;19258;310
25/08/2020;SO47280;HL73;11615;310
25/08/2020;SO47284;HL83;13402;310
25/08/2020;SO47289;HL77;26297;307
25/08/2020;SO47281;HL95;17099;307
25/08/2020;SO47286;HL57;19944;307
25/08/2020;SO47288;HL87;13353;307
25/08/2020;SO47290;HL83;21558;307
26/08/2020;SO47300;HL61;20717;307
26/08/2020;SO47297;HL89;13385;306
26/08/2020;SO47293;HL93;19192;306
26/08/2020;SO47296;HL93;14024;306
26/08/2020;SO47294;HL92;18139;40
26/08/2020;SO47298;HL86;13403;162
26/08/2020;SO47299;HL84;13425;130
26/08/2020;SO47291;HL86;16318;54
26/08/2020;SO47301;HL76;26292;89
26/08/2020;SO47295;HL94;14005;162
26/08/2020;SO47303;HL54;26029;85
26/08/2020;SO47292;HL90;13811;87
26/08/2020;SO47302;HL77;12670;16
27/08/2020;SO47309;HL89;13316;11
27/08/2020;SO47313;HL87;21231;76
27/08/2020;SO47314;HL78;12673;115
27/08/2020;SO47310;HL74;26303;118
27/08/2020;SO47307;HL60;20711;39
27/08/2020;SO47311;HL59;15252;151
27/08/2020;SO47305;HL84;25393;181
27/08/2020;SO47312;HL59;15280;138
27/08/2020;SO47304;HL90;16272;107
27/08/2020;SO47308;HL56;20718;86
27/08/2020;SO47306;HL84;28798;72
28/08/2020;SO47316;HL84;13361;126
28/08/2020;SO47318;HL88;13273;186
28/08/2020;SO47321;HL87;13354;171
28/08/2020;SO47320;HL89;13315;116
28/08/2020;SO47322;HL64;15287;286
28/08/2020;SO47315;HL90;13840;83
28/08/2020;SO47319;HL85;13299;32
28/08/2020;SO47317;HL90;14154;74
29/08/2020;SO47328;HL77;12681;60
29/08/2020;SO47326;HL90;13288;23
29/08/2020;SO47325;HL87;13278;78
29/08/2020;SO47324;HL89;13400;115
29/08/2020;SO47327;HL89;13304;123
29/08/2020;SO47323;HL78;28529;149
30/08/2020;SO47332;HL75;20350;193
30/08/2020;SO47331;HL59;20807;186
30/08/2020;SO47330;HL84;16324;83
30/08/2020;SO47334;HL84;21557;192
30/08/2020;SO47335;HL75;12581;87
30/08/2020;SO47333;HL83;21229;160
30/08/2020;SO47336;HL62;26027;290
30/08/2020;SO47329;HL90;13367;132
31/08/2020;SO47347;HL53;26025;12
31/08/2020;SO47343;HL90;21553;111
31/08/2020;SO47342;HL77;26304;50
31/08/2020;SO47348;HL58;26028;87
31/08/2020;SO47338;HL87;16277;3
31/08/2020;SO47339;HL86;15626;33
31/08/2020;SO47340;HL84;13401;98
31/08/2020;SO47346;HL77;12585;196
31/08/2020;SO47341;HL83;25104;135
31/08/2020;SO47337;HL74;28520;99
31/08/2020;SO47344;HL74;12686;112
31/08/2020;SO47345;HL75;12583;89
01/09/2020;SO47461;HL75;26320;162
01/09/2020;SO47460;HL53;19255;95
02/09/2020;SO47462;HL88;15926;162
02/09/2020;SO47465;HL63;15303;116
02/09/2020;SO47468;HL57;26152;191
02/09/2020;SO47467;HL86;13446;148
02/09/2020;SO47466;HL91;24887;141
02/09/2020;SO47464;HL85;16461;11
02/09/2020;SO47463;HL87;14203;285
03/09/2020;SO47474;HL90;21893;24
03/09/2020;SO47471;HL85;14539;183
03/09/2020;SO47473;HL84;21875;124
03/09/2020;SO47472;HL90;13438;156
03/09/2020;SO47469;HL92;19301;29
03/09/2020;SO47470;HL76;28685;174
03/09/2020;SO47475;HL84;21945;27
03/09/2020;SO47476;HL73;12693;146
04/09/2020;SO47482;HL85;21948;69
04/09/2020;SO47478;HL55;20811;181
04/09/2020;SO47480;HL86;21568;82
04/09/2020;SO47479;HL58;20832;109
04/09/2020;SO47481;HL87;21899;199
04/09/2020;SO47477;HL73;28560;199
05/09/2020;SO47485;HL86;14524;199
05/09/2020;SO47486;HL89;14538;308
05/09/2020;SO47483;HL90;14424;308
06/09/2020;SO47489;HL83;21888;200
06/09/2020;SO47490;HL86;21895;200
06/09/2020;SO47487;HL89;16427;200
06/09/2020;SO47488;HL90;13426;200
07/09/2020;SO47492;HL60;19181;200
07/09/2020;SO47491;HL84;15932;200
08/09/2020;SO47498;HL55;27071;200
08/09/2020;SO47493;HL76;28569;200
08/09/2020;SO47494;HL87;15927;200
08/09/2020;SO47501;HL77;12214;276
08/09/2020;SO47495;HL83;16196;260
08/09/2020;SO47500;HL84;21951;300
08/09/2020;SO47499;HL89;21572;293
08/09/2020;SO47497;HL85;14170;257
08/09/2020;SO47496;HL86;16470;260
09/09/2020;SO47505;HL73;26307;300
09/09/2020;SO47507;HL59;15311;281
09/09/2020;SO47503;HL92;19299;300
09/09/2020;SO47506;HL74;26324;264
09/09/2020;SO47504;HL77;11605;268
09/09/2020;SO47508;HL85;21892;281
09/09/2020;SO47509;HL83;21957;267
09/09/2020;SO47510;HL73;12688;295
09/09/2020;SO47502;HL92;19278;252
10/09/2020;SO47517;HL64;15308;264
10/09/2020;SO47511;HL88;14200;297
10/09/2020;SO47513;HL83;15675;307
10/09/2020;SO47516;HL78;26309;307
10/09/2020;SO47512;HL87;16446;307
10/09/2020;SO47518;HL87;21946;307
10/09/2020;SO47519;HL61;26153;307
10/09/2020;SO47515;HL74;26308;310
10/09/2020;SO47514;HL89;15684;310
11/09/2020;SO47527;HL77;28559;310
11/09/2020;SO47521;HL84;16445;306
11/09/2020;SO47524;HL85;21567;306
11/09/2020;SO47523;HL86;13443;306
11/09/2020;SO47522;HL94;14089;306
11/09/2020;SO47526;HL74;12215;250
11/09/2020;SO47520;HL95;19263;218
11/09/2020;SO47525;HL90;21889;218
12/09/2020;SO47530;HL57;15312;201
12/09/2020;SO47531;HL62;15325;219
12/09/2020;SO47529;HL89;13429;244
12/09/2020;SO47533;HL86;21886;230
12/09/2020;SO47528;HL73;11598;221
12/09/2020;SO47534;HL57;26148;218
12/09/2020;SO47532;HL92;24888;206
13/09/2020;SO47536;HL94;14088;224
13/09/2020;SO47542;HL87;21571;309
13/09/2020;SO47539;HL57;20824;309
13/09/2020;SO47541;HL63;15314;309
13/09/2020;SO47537;HL86;13436;309
13/09/2020;SO47543;HL89;21956;309
13/09/2020;SO47544;HL76;12694;309
13/09/2020;SO47538;HL90;13449;309
13/09/2020;SO47535;HL93;14083;200
13/09/2020;SO47545;HL74;28553;138
13/09/2020;SO47540;HL78;26326;309
14/09/2020;SO47549;HL64;19256;306
14/09/2020;SO47552;HL83;21950;227
14/09/2020;SO47548;HL58;20834;127
14/09/2020;SO47551;HL86;21878;200
14/09/2020;SO47550;HL61;15290;309
14/09/2020;SO47554;HL78;12222;114
14/09/2020;SO47546;HL77;28683;128
14/09/2020;SO47553;HL74;12698;188
14/09/2020;SO47555;HL83;15674;173
15/09/2020;SO47559;HL78;12699;10
15/09/2020;SO47557;HL89;13431;268
15/09/2020;SO47558;HL85;25981;210
15/09/2020;SO47556;HL90;14701;306
16/09/2020;SO47564;HL75;12210;306
16/09/2020;SO47562;HL89;21944;310
16/09/2020;SO47561;HL53;15328;306
16/09/2020;SO47563;HL83;21955;199
16/09/2020;SO47560;HL55;27053;218
17/09/2020;SO47567;HL90;21570;306
17/09/2020;SO47569;HL90;21959;309
17/09/2020;SO47565;HL89;15697;310
17/09/2020;SO47568;HL88;21885;310
17/09/2020;SO47566;HL95;24613;165
18/09/2020;SO47572;HL83;29149;162
18/09/2020;SO47574;HL59;20171;146
18/09/2020;SO47576;HL89;21877;104
18/09/2020;SO47577;HL85;21891;146
18/09/2020;SO47571;HL89;14185;30
18/09/2020;SO47578;HL73;12687;290
18/09/2020;SO47570;HL73;28562;195
18/09/2020;SO47575;HL78;26315;130
18/09/2020;SO47573;HL84;13435;29
19/09/2020;SO47587;HL86;21874;88
19/09/2020;SO47584;HL63;19194;11
19/09/2020;SO47580;HL95;14080;143
19/09/2020;SO47585;HL57;15320;22
19/09/2020;SO47586;HL56;15322;16
19/09/2020;SO47579;HL86;16197;286
19/09/2020;SO47582;HL87;13433;165
19/09/2020;SO47583;HL90;13442;156
19/09/2020;SO47581;HL88;29152;28
20/09/2020;SO47589;HL92;14036;191
20/09/2020;SO47594;HL64;26154;74
20/09/2020;SO47591;HL77;26313;48
20/09/2020;SO47590;HL75;26312;27
20/09/2020;SO47593;HL55;26135;108
20/09/2020;SO47592;HL93;24614;39
20/09/2020;SO47588;HL90;16428;99
21/09/2020;SO47599;HL78;26327;188
21/09/2020;SO47595;HL84;14186;92
21/09/2020;SO47598;HL76;26306;61
21/09/2020;SO47597;HL87;25971;75
21/09/2020;SO47596;HL87;16199;139
22/09/2020;SO47600;HL95;17188;75
22/09/2020;SO47603;HL90;21562;35
22/09/2020;SO47602;HL54;19174;87
22/09/2020;SO47604;HL88;21876;68
22/09/2020;SO47601;HL90;14192;103
23/09/2020;SO47605;HL95;17187;149
23/09/2020;SO47609;HL60;15309;88
23/09/2020;SO47611;HL58;26140;164
23/09/2020;SO47610;HL62;27075;131
23/09/2020;SO47608;HL73;26322;57
23/09/2020;SO47607;HL95;14081;43
23/09/2020;SO47606;HL88;15928;156
24/09/2020;SO47620;HL73;12239;61
24/09/2020;SO47614;HL58;15302;199
24/09/2020;SO47615;HL64;15329;199
24/09/2020;SO47617;HL89;21943;199
24/09/2020;SO47618;HL90;21947;199
24/09/2020;SO47612;HL84;16465;308
24/09/2020;SO47616;HL86;21873;308
24/09/2020;SO47613;HL94;14037;308
24/09/2020;SO47619;HL75;12689;308
25/09/2020;SO47623;HL84;21569;308
25/09/2020;SO47624;HL86;21949;200
25/09/2020;SO47622;HL62;20837;200
25/09/2020;SO47625;HL89;21958;200
25/09/2020;SO47626;HL53;26150;200
25/09/2020;SO47621;HL93;14044;267
26/09/2020;SO47630;HL74;26311;302
26/09/2020;SO47633;HL86;21894;252
26/09/2020;SO47627;HL85;16444;300
26/09/2020;SO47635;HL74;12216;253
26/09/2020;SO47634;HL75;11570;281
26/09/2020;SO47632;HL64;27060;293
26/09/2020;SO47636;HL58;26142;270
26/09/2020;SO47629;HL85;15685;255
26/09/2020;SO47631;HL73;26325;307
26/09/2020;SO47628;HL84;16509;307
27/09/2020;SO47639;HL57;15321;307
27/09/2020;SO47637;HL86;13447;307
27/09/2020;SO47638;HL78;26319;306
28/09/2020;SO47640;HL74;26317;306
28/09/2020;SO47641;HL53;27062;306
29/09/2020;SO47648;HL75;12263;235
29/09/2020;SO47647;HL83;21897;214
29/09/2020;SO47644;HL88;15693;215
29/09/2020;SO47645;HL88;14555;247
29/09/2020;SO47646;HL73;20373;208
29/09/2020;SO47643;HL95;19290;214
29/09/2020;SO47642;HL92;17109;202
30/09/2020;SO47651;HL89;25911;202
30/09/2020;SO47654;HL94;24615;225
30/09/2020;SO47656;HL83;21882;206
30/09/2020;SO47649;HL89;16447;309
30/09/2020;SO47655;HL93;24889;309
30/09/2020;SO47653;HL55;20163;200
30/09/2020;SO47657;HL56;26138;200
30/09/2020;SO47652;HL59;20825;200
30/09/2020;SO47650;HL85;16512;199
01/10/2020;SO47738;HL56;26165;307
01/10/2020;SO47736;HL76;12705;306
01/10/2020;SO47733;HL88;13461;306
01/10/2020;SO47737;HL75;13018;306
01/10/2020;SO47735;HL64;27084;306
01/10/2020;SO47732;HL84;13452;272
01/10/2020;SO47734;HL59;15333;307
01/10/2020;SO47731;HL78;12283;200
02/10/2020;SO47743;HL78;12988;200
02/10/2020;SO47744;HL77;12989;199
02/10/2020;SO47741;HL61;15343;182
02/10/2020;SO47739;HL57;20839;72
02/10/2020;SO47742;HL88;22180;155
02/10/2020;SO47745;HL77;12998;187
02/10/2020;SO47740;HL55;15337;20
02/10/2020;SO47746;HL76;13022;34
03/10/2020;SO47747;HL86;16253;125
03/10/2020;SO47749;HL86;22172;94
03/10/2020;SO47751;HL84;21983;100
03/10/2020;SO47750;HL84;21976;152
03/10/2020;SO47748;HL73;26485;80
03/10/2020;SO47753;HL77;13020;200
03/10/2020;SO47752;HL89;21994;199
04/10/2020;SO47755;HL94;17195;301
04/10/2020;SO47758;HL86;16550;301
04/10/2020;SO47760;HL86;13482;277
04/10/2020;SO47756;HL74;12272;259
04/10/2020;SO47759;HL88;14773;307
04/10/2020;SO47757;HL90;16530;307
05/10/2020;SO47763;HL90;22170;306
05/10/2020;SO47762;HL73;26330;247
05/10/2020;SO47761;HL55;20548;230
06/10/2020;SO47766;HL76;26329;304
06/10/2020;SO47768;HL86;21985;199
06/10/2020;SO47767;HL91;24902;131
06/10/2020;SO47765;HL77;26343;194
06/10/2020;SO47764;HL75;28711;101
06/10/2020;SO47769;HL77;12703;13
06/10/2020;SO47770;HL64;26375;171
07/10/2020;SO47773;HL55;15345;16
07/10/2020;SO47775;HL84;21980;151
07/10/2020;SO47776;HL73;13007;112
07/10/2020;SO47774;HL59;15346;200
07/10/2020;SO47771;HL89;22181;308
07/10/2020;SO47772;HL84;22195;309
08/10/2020;SO47781;HL90;25991;244
08/10/2020;SO47778;HL74;12284;306
08/10/2020;SO47782;HL89;22032;308
08/10/2020;SO47780;HL91;14105;306
08/10/2020;SO47783;HL86;22197;199
08/10/2020;SO47784;HL75;13078;307
08/10/2020;SO47779;HL88;16269;307
09/10/2020;SO47785;HL75;28708;306
09/10/2020;SO47786;HL85;14719;309
09/10/2020;SO47787;HL83;16585;218
10/10/2020;SO47789;HL88;13453;199
10/10/2020;SO47790;HL86;22173;309
10/10/2020;SO47788;HL90;16546;306
10/10/2020;SO47791;HL76;13036;200
11/10/2020;SO47792;HL84;16207;7
11/10/2020;SO47797;HL86;21986;306
11/10/2020;SO47795;HL90;22004;307
11/10/2020;SO47794;HL74;20375;308
11/10/2020;SO47796;HL86;21979;306
11/10/2020;SO47798;HL74;13000;221
11/10/2020;SO47793;HL83;14716;310
12/10/2020;SO47799;HL77;12264;306
12/10/2020;SO47810;HL59;26204;239
12/10/2020;SO47800;HL87;14798;10
12/10/2020;SO47803;HL90;22000;199
12/10/2020;SO47805;HL90;22198;200
12/10/2020;SO47806;HL63;15348;200
12/10/2020;SO47809;HL62;26187;306
12/10/2020;SO47804;HL85;22178;306
12/10/2020;SO47801;HL57;20555;306
12/10/2020;SO47807;HL90;16575;307
12/10/2020;SO47808;HL64;26161;309
13/10/2020;SO47818;HL55;15364;307
13/10/2020;SO47813;HL92;14098;307
13/10/2020;SO47814;HL77;26338;307
13/10/2020;SO47812;HL89;16252;310
13/10/2020;SO47822;HL74;13051;310
13/10/2020;SO47819;HL88;21968;310
13/10/2020;SO47823;HL61;26160;267
13/10/2020;SO47815;HL86;22033;260
13/10/2020;SO47817;HL86;22200;267
13/10/2020;SO47816;HL84;22174;260
13/10/2020;SO47820;HL73;13025;75
13/10/2020;SO47811;HL73;12271;107
13/10/2020;SO47821;HL73;13038;134
14/10/2020;SO47824;HL83;16267;146
14/10/2020;SO47826;HL85;22168;136
14/10/2020;SO47827;HL85;22175;13
14/10/2020;SO47828;HL83;21984;77
14/10/2020;SO47829;HL73;12706;30
14/10/2020;SO47825;HL53;20560;32
15/10/2020;SO47832;HL84;13478;167
15/10/2020;SO47830;HL92;19308;192
15/10/2020;SO47834;HL88;22196;2
15/10/2020;SO47835;HL92;24904;289
15/10/2020;SO47831;HL78;12281;160
15/10/2020;SO47833;HL87;22031;114
16/10/2020;SO47844;HL86;21996;85
16/10/2020;SO47841;HL78;26490;112
16/10/2020;SO47837;HL75;12277;35
16/10/2020;SO47839;HL53;20838;2
16/10/2020;SO47842;HL54;15338;30
16/10/2020;SO47840;HL60;20584;148
16/10/2020;SO47843;HL59;15339;25
16/10/2020;SO47836;HL75;28707;151
16/10/2020;SO47838;HL86;13456;30
17/10/2020;SO47847;HL83;16278;27
17/10/2020;SO47849;HL54;15342;107
17/10/2020;SO47845;HL84;16206;146
17/10/2020;SO47848;HL76;26328;77
17/10/2020;SO47846;HL83;14779;32
17/10/2020;SO47850;HL53;15350;32
18/10/2020;SO47852;HL74;26342;171
18/10/2020;SO47855;HL74;12987;10
18/10/2020;SO47856;HL78;12995;88
18/10/2020;SO47854;HL53;15341;9
18/10/2020;SO47857;HL77;13024;148
18/10/2020;SO47851;HL76;26331;24
18/10/2020;SO47853;HL78;26487;196
19/10/2020;SO47869;HL56;26190;27
19/10/2020;SO47858;HL93;19302;83
19/10/2020;SO47860;HL73;26339;136
19/10/2020;SO47862;HL90;22199;200
19/10/2020;SO47865;HL73;12701;200
19/10/2020;SO47867;HL77;12991;200
19/10/2020;SO47868;HL74;13021;200
19/10/2020;SO47866;HL73;12990;308
19/10/2020;SO47861;HL75;20470;308
19/10/2020;SO47864;HL87;21966;308
20/10/2020;SO47871;HL86;14708;199
20/10/2020;SO47877;HL54;20851;199
20/10/2020;SO47870;HL92;19305;199
20/10/2020;SO47874;HL87;13462;71
20/10/2020;SO47873;HL92;26321;110
20/10/2020;SO47875;HL88;25992;79
20/10/2020;SO47872;HL90;14790;19
20/10/2020;SO47876;HL62;20848;95
20/10/2020;SO47878;HL76;12702;197
21/10/2020;SO47886;HL76;13011;178
21/10/2020;SO47885;HL93;24901;193
21/10/2020;SO47888;HL74;13050;16
21/10/2020;SO47881;HL90;16553;284
21/10/2020;SO47879;HL94;18157;75
21/10/2020;SO47880;HL77;28689;62
21/10/2020;SO47887;HL75;13012;141
21/10/2020;SO47883;HL73;26481;287
21/10/2020;SO47882;HL88;13464;76
22/10/2020;SO47895;HL59;15347;82
22/10/2020;SO47890;HL85;16263;126
22/10/2020;SO47893;HL86;25989;118
22/10/2020;SO47892;HL95;26373;172
22/10/2020;SO47889;HL89;16541;181
22/10/2020;SO47894;HL76;26344;175
22/10/2020;SO47891;HL87;16290;132
23/10/2020;SO47902;HL77;13076;124
23/10/2020;SO47899;HL76;12996;178
23/10/2020;SO47901;HL74;13075;163
23/10/2020;SO47900;HL78;13035;45
23/10/2020;SO47897;HL89;16573;4
23/10/2020;SO47898;HL54;19276;178
23/10/2020;SO47896;HL95;17206;39
24/10/2020;SO47911;HL76;13077;147
24/10/2020;SO47910;HL73;13049;101
24/10/2020;SO47904;HL89;16562;52
24/10/2020;SO47907;HL84;21999;95
24/10/2020;SO47903;HL83;14714;58
24/10/2020;SO47905;HL87;29336;89
24/10/2020;SO47909;HL75;12999;131
24/10/2020;SO47908;HL78;20468;125
24/10/2020;SO47906;HL62;27082;94
25/10/2020;SO47917;HL76;13001;147
25/10/2020;SO47913;HL83;29159;139
25/10/2020;SO47915;HL77;26351;166
25/10/2020;SO47914;HL60;20556;185
25/10/2020;SO47912;HL77;28724;145
25/10/2020;SO47916;HL92;24903;29
25/10/2020;SO47918;HL78;13006;62
26/10/2020;SO47923;HL76;26486;140
26/10/2020;SO47925;HL93;24900;170
26/10/2020;SO47926;HL77;13079;11
26/10/2020;SO47927;HL58;26188;289
26/10/2020;SO47919;HL91;17216;184
26/10/2020;SO47922;HL90;13468;111
26/10/2020;SO47924;HL89;22171;82
26/10/2020;SO47921;HL90;14796;82
26/10/2020;SO47920;HL76;12282;100
27/10/2020;SO47929;HL83;29281;131
27/10/2020;SO47930;HL89;21982;45
27/10/2020;SO47928;HL89;29154;91
28/10/2020;SO47935;HL88;22194;82
28/10/2020;SO47933;HL87;16270;52
28/10/2020;SO47932;HL87;16561;93
28/10/2020;SO47931;HL85;16531;26
28/10/2020;SO47934;HL93;14106;64
28/10/2020;SO47936;HL55;26192;7
29/10/2020;SO47940;HL74;12994;170
29/10/2020;SO47941;HL75;13010;191
29/10/2020;SO47942;HL61;26167;117
29/10/2020;SO47937;HL53;20549;290
29/10/2020;SO47938;HL86;21969;54
29/10/2020;SO47939;HL86;21987;44
30/10/2020;SO47947;HL94;14109;7
30/10/2020;SO47945;HL85;14791;183
30/10/2020;SO47946;HL84;14802;198
30/10/2020;SO47944;HL78;28690;289
30/10/2020;SO47943;HL93;17196;157
30/10/2020;SO47950;HL75;26484;187
30/10/2020;SO47954;HL54;26191;4
30/10/2020;SO47949;HL89;13477;193
30/10/2020;SO47951;HL75;12700;152
30/10/2020;SO47952;HL84;22193;22
30/10/2020;SO47948;HL84;13450;108
30/10/2020;SO47953;HL84;21974;127
31/10/2020;SO47955;HL89;16554;286
31/10/2020;SO47956;HL84;16271;126
31/10/2020;SO47957;HL95;14095;62
31/10/2020;SO47959;HL56;26189;29
31/10/2020;SO47958;HL57;15349;122
01/11/2020;SO48093;HL89;16588;43
01/11/2020;SO48097;HL84;22412;169
01/11/2020;SO48096;HL57;15398;135
01/11/2020;SO48094;HL85;13657;69
01/11/2020;SO48098;HL89;22400;64
01/11/2020;SO48095;HL59;20590;189
02/11/2020;SO48099;HL77;12128;40
02/11/2020;SO48100;HL75;26546;163
02/11/2020;SO48101;HL84;22575;62
02/11/2020;SO48102;HL90;22576;32
03/11/2020;SO48107;HL85;22580;140
03/11/2020;SO48103;HL89;16389;85
03/11/2020;SO48108;HL95;24905;49
03/11/2020;SO48104;HL54;20859;119
03/11/2020;SO48106;HL77;20546;158
03/11/2020;SO48105;HL75;26513;4
04/11/2020;SO48109;HL84;13489;186
05/11/2020;SO48115;HL53;26442;181
05/11/2020;SO48111;HL92;14112;71
05/11/2020;SO48114;HL53;26439;40
05/11/2020;SO48110;HL86;16307;59
05/11/2020;SO48113;HL60;20716;172
05/11/2020;SO48112;HL86;13712;82
06/11/2020;SO48124;HL56;26436;70
06/11/2020;SO48121;HL84;22410;67
06/11/2020;SO48117;HL89;14930;152
06/11/2020;SO48123;HL77;13080;111
06/11/2020;SO48118;HL89;16309;98
06/11/2020;SO48122;HL84;22207;98
06/11/2020;SO48116;HL91;19312;149
06/11/2020;SO48120;HL55;15388;145
07/11/2020;SO48129;HL89;22582;136
07/11/2020;SO48128;HL73;26534;81
07/11/2020;SO48127;HL64;20598;76
07/11/2020;SO48125;HL95;14239;145
07/11/2020;SO48126;HL94;14115;67
08/11/2020;SO48133;HL89;22571;93
08/11/2020;SO48131;HL77;20483;5
08/11/2020;SO48136;HL74;13082;53
08/11/2020;SO48132;HL73;26521;103
08/11/2020;SO48134;HL86;22202;179
08/11/2020;SO48135;HL92;24910;130
08/11/2020;SO48130;HL83;16829;72
09/11/2020;SO48138;HL87;14818;182
09/11/2020;SO48140;HL58;15374;156
09/11/2020;SO48139;HL85;22857;166
09/11/2020;SO48137;HL73;12130;284
10/11/2020;SO48142;HL78;12213;91
10/11/2020;SO48147;HL89;22845;93
10/11/2020;SO48146;HL86;22578;51
10/11/2020;SO48143;HL56;20720;188
10/11/2020;SO48145;HL78;26491;72
10/11/2020;SO48144;HL85;16823;288
10/11/2020;SO48141;HL74;12299;46
11/11/2020;SO48149;HL86;16298;69
11/11/2020;SO48154;HL89;22402;43
11/11/2020;SO48155;HL86;22408;78
11/11/2020;SO48151;HL59;19280;111
11/11/2020;SO48152;HL73;26536;182
11/11/2020;SO48148;HL78;11614;69
11/11/2020;SO48157;HL86;22851;191
11/11/2020;SO48150;HL84;16822;285
11/11/2020;SO48158;HL57;26433;154
11/11/2020;SO48156;HL89;22581;153
11/11/2020;SO48153;HL78;26575;70
12/11/2020;SO48161;HL86;16938;29
12/11/2020;SO48164;HL57;26438;58
12/11/2020;SO48162;HL84;13714;154
12/11/2020;SO48163;HL88;22854;2
12/11/2020;SO48160;HL86;14848;60
12/11/2020;SO48159;HL95;19322;283
13/11/2020;SO48165;HL87;16327;123
13/11/2020;SO48167;HL78;26539;105
13/11/2020;SO48166;HL83;13484;99
13/11/2020;SO48168;HL87;22904;45
14/11/2020;SO48171;HL85;16313;68
14/11/2020;SO48170;HL74;11613;125
14/11/2020;SO48169;HL89;13653;114
14/11/2020;SO48173;HL88;13704;194
14/11/2020;SO48172;HL84;13658;142
15/11/2020;SO48176;HL61;15379;49
15/11/2020;SO48175;HL74;26545;189
16/11/2020;SO48181;HL85;13705;111
16/11/2020;SO48178;HL73;12125;196
16/11/2020;SO48177;HL93;17633;12
16/11/2020;SO48180;HL90;16316;79
16/11/2020;SO48179;HL84;16828;170
16/11/2020;SO48184;HL91;24908;288
16/11/2020;SO48182;HL77;26600;46
16/11/2020;SO48183;HL87;22583;47
17/11/2020;SO48189;HL55;15371;186
17/11/2020;SO48186;HL90;16297;63
17/11/2020;SO48188;HL89;22579;22
17/11/2020;SO48190;HL54;26443;53
17/11/2020;SO48187;HL60;20862;40
17/11/2020;SO48185;HL77;12286;130
18/11/2020;SO48195;HL86;22399;57
18/11/2020;SO48196;HL56;26440;155
18/11/2020;SO48194;HL84;22401;60
18/11/2020;SO48192;HL89;13702;21
18/11/2020;SO48191;HL58;19292;100
18/11/2020;SO48197;HL54;26422;144
18/11/2020;SO48193;HL73;26499;38
19/11/2020;SO48198;HL95;18164;28
19/11/2020;SO48199;HL87;16595;121
19/11/2020;SO48201;HL75;26601;4
19/11/2020;SO48200;HL76;26537;178
20/11/2020;SO48204;HL60;26445;183
20/11/2020;SO48207;HL87;22407;132
20/11/2020;SO48209;HL53;15369;175
20/11/2020;SO48210;HL74;13089;115
20/11/2020;SO48203;HL77;12226;121
20/11/2020;SO48202;HL75;12225;145
20/11/2020;SO48208;HL85;22201;20
20/11/2020;SO48205;HL78;26509;62
20/11/2020;SO48206;HL73;26538;26
21/11/2020;SO48214;HL83;16409;80
21/11/2020;SO48212;HL78;12289;1
21/11/2020;SO48211;HL93;17634;3
21/11/2020;SO48216;HL55;20719;193
21/11/2020;SO48217;HL55;15380;84
21/11/2020;SO48213;HL76;12292;193
21/11/2020;SO48215;HL94;26482;92
22/11/2020;SO48218;HL83;16594;34
22/11/2020;SO48220;HL88;22409;176
22/11/2020;SO48219;HL74;26511;287
22/11/2020;SO48221;HL61;15365;111
23/11/2020;SO48222;HL91;14116;181
23/11/2020;SO48223;HL92;14120;142
23/11/2020;SO48225;HL86;22573;86
23/11/2020;SO48224;HL74;26581;166
23/11/2020;SO48226;HL56;26444;21
24/11/2020;SO48234;HL87;22203;159
24/11/2020;SO48235;HL53;15367;79
24/11/2020;SO48233;HL86;22850;41
24/11/2020;SO48236;HL62;26423;154
24/11/2020;SO48231;HL78;26579;163
24/11/2020;SO48229;HL74;26510;76
24/11/2020;SO48232;HL58;15396;199
24/11/2020;SO48228;HL83;16598;199
24/11/2020;SO48227;HL83;14813;199
24/11/2020;SO48230;HL77;26530;199
25/11/2020;SO48243;HL86;22411;199
25/11/2020;SO48242;HL75;26532;199
25/11/2020;SO48237;HL90;14925;199
25/11/2020;SO48244;HL86;22860;199
25/11/2020;SO48241;HL77;26520;199
25/11/2020;SO48239;HL87;13700;199
25/11/2020;SO48238;HL83;16831;199
25/11/2020;SO48240;HL54;20856;199
26/11/2020;SO48250;HL85;22572;199
26/11/2020;SO48247;HL87;16390;199
26/11/2020;SO48246;HL74;12218;199
26/11/2020;SO48249;HL61;15394;199
26/11/2020;SO48245;HL74;12129;199
26/11/2020;SO48248;HL57;20852;199
27/11/2020;SO48256;HL93;14240;199
27/11/2020;SO48255;HL93;26496;308
27/11/2020;SO48259;HL56;27085;308
27/11/2020;SO48261;HL57;27101;308
27/11/2020;SO48254;HL92;14117;308
27/11/2020;SO48252;HL53;20864;308
27/11/2020;SO48262;HL93;24909;308
27/11/2020;SO48257;HL53;19282;308
27/11/2020;SO48253;HL84;14926;308
27/11/2020;SO48251;HL95;17641;308
27/11/2020;SO48258;HL55;19287;308
27/11/2020;SO48264;HL57;26437;308
27/11/2020;SO48263;HL57;26435;308
27/11/2020;SO48260;HL54;27099;308
28/11/2020;SO48266;HL85;13713;308
28/11/2020;SO48265;HL84;16945;308
28/11/2020;SO48269;HL55;20863;308
28/11/2020;SO48267;HL56;27102;308
28/11/2020;SO48268;HL85;22406;308
28/11/2020;SO48270;HL77;13081;308
29/11/2020;SO48272;HL86;14931;308
29/11/2020;SO48271;HL75;28727;308
29/11/2020;SO48274;HL85;22404;308
29/11/2020;SO48273;HL84;16589;308
29/11/2020;SO48275;HL94;24907;308
29/11/2020;SO48276;HL55;26429;308
30/11/2020;SO48277;HL77;12287;308
30/11/2020;SO48284;HL89;22577;308
30/11/2020;SO48281;HL86;13492;200
30/11/2020;SO48279;HL91;14121;200
30/11/2020;SO48280;HL89;13487;200
30/11/2020;SO48282;HL78;26540;200
30/11/2020;SO48283;HL54;15389;200
30/11/2020;SO48285;HL54;15372;200
30/11/2020;SO48278;HL83;16305;200
01/12/2020;SO48406;HL56;15473;200
01/12/2020;SO48405;HL75;12316;200
01/12/2020;SO48409;HL85;22940;200
01/12/2020;SO48402;HL90;17627;200
01/12/2020;SO48410;HL76;26649;200
01/12/2020;SO48408;HL90;22927;200
01/12/2020;SO48401;HL88;16451;200
01/12/2020;SO48403;HL92;14285;200
01/12/2020;SO48407;HL88;22913;200
01/12/2020;SO48404;HL89;13730;200
01/12/2020;SO48400;HL56;20830;200
02/12/2020;SO48419;HL62;26585;200
02/12/2020;SO48413;HL92;14288;200
02/12/2020;SO48418;HL73;13114;200
02/12/2020;SO48415;HL75;26634;200
02/12/2020;SO48412;HL64;19310;200
02/12/2020;SO48416;HL53;15472;261
02/12/2020;SO48411;HL86;17182;270
02/12/2020;SO48414;HL84;13718;251
02/12/2020;SO48417;HL83;22932;277
03/12/2020;SO48424;HL89;15070;270
03/12/2020;SO48433;HL90;23102;300
03/12/2020;SO48435;HL89;22953;276
03/12/2020;SO48423;HL63;19297;278
03/12/2020;SO48426;HL92;14253;298
03/12/2020;SO48430;HL77;26633;302
03/12/2020;SO48427;HL95;14289;278
03/12/2020;SO48425;HL90;16475;254
03/12/2020;SO48420;HL89;14957;257
03/12/2020;SO48434;HL89;22912;278
03/12/2020;SO48432;HL89;23098;296
03/12/2020;SO48421;HL94;19361;264
03/12/2020;SO48428;HL86;13733;252
03/12/2020;SO48429;HL73;12385;277
03/12/2020;SO48422;HL90;16946;254
03/12/2020;SO48431;HL74;26619;270
04/12/2020;SO48437;HL55;15466;292
04/12/2020;SO48438;HL78;13117;276
04/12/2020;SO48436;HL95;14267;299
05/12/2020;SO48444;HL78;26618;295
05/12/2020;SO48449;HL85;22907;264
05/12/2020;SO48442;HL89;13735;302
05/12/2020;SO48447;HL56;15471;272
05/12/2020;SO48439;HL95;17651;294
05/12/2020;SO48440;HL61;19309;301
05/12/2020;SO48446;HL62;27265;293
05/12/2020;SO48445;HL64;15411;276
05/12/2020;SO48441;HL95;26503;277
05/12/2020;SO48448;HL88;22987;255
05/12/2020;SO48451;HL76;13107;255
05/12/2020;SO48450;HL78;26645;269
05/12/2020;SO48443;HL73;12232;278
06/12/2020;SO48454;HL76;12328;272
06/12/2020;SO48453;HL93;17647;281
06/12/2020;SO48455;HL77;12380;296
06/12/2020;SO48452;HL83;14998;251
06/12/2020;SO48456;HL77;20651;278
07/12/2020;SO48468;HL61;15433;260
07/12/2020;SO48473;HL73;26641;257
07/12/2020;SO48472;HL87;22942;299
07/12/2020;SO48465;HL75;26626;265
07/12/2020;SO48458;HL86;17097;256
07/12/2020;SO48459;HL90;14966;276
07/12/2020;SO48467;HL59;15409;261
07/12/2020;SO48462;HL57;20828;298
07/12/2020;SO48470;HL90;23105;261
07/12/2020;SO48464;HL88;13734;295
07/12/2020;SO48463;HL86;17225;296
07/12/2020;SO48469;HL89;22961;299
07/12/2020;SO48474;HL57;26447;257
07/12/2020;SO48461;HL95;18167;257
07/12/2020;SO48466;HL59;15404;259
07/12/2020;SO48471;HL88;22909;300
07/12/2020;SO48460;HL86;17098;298
08/12/2020;SO48483;HL91;24917;255
08/12/2020;SO48484;HL73;13525;261
08/12/2020;SO48476;HL93;26512;255
08/12/2020;SO48475;HL85;17214;259
08/12/2020;SO48480;HL73;26642;302
08/12/2020;SO48478;HL86;22929;254
08/12/2020;SO48477;HL73;26611;298
08/12/2020;SO48482;HL94;24912;295
08/12/2020;SO48485;HL60;26587;270
08/12/2020;SO48481;HL76;20669;254
08/12/2020;SO48479;HL87;22939;293
09/12/2020;SO48486;HL64;20866;298
09/12/2020;SO48487;HL60;20808;275
09/12/2020;SO48489;HL84;22954;272
09/12/2020;SO48488;HL74;12229;301
09/12/2020;SO48490;HL91;24913;300
09/12/2020;SO48491;HL76;13126;272
09/12/2020;SO48492;HL58;26567;297
10/12/2020;SO48498;HL94;24920;297
10/12/2020;SO48499;HL76;13132;297
10/12/2020;SO48502;HL60;26566;307
10/12/2020;SO48497;HL77;26606;307
10/12/2020;SO48500;HL76;13135;307
10/12/2020;SO48501;HL92;19362;307
10/12/2020;SO48495;HL77;26602;307
10/12/2020;SO48496;HL78;26603;307
10/12/2020;SO48494;HL93;14272;307
11/12/2020;SO48509;HL74;28740;307
11/12/2020;SO48513;HL53;15417;307
11/12/2020;SO48516;HL74;13139;307
11/12/2020;SO48508;HL89;13736;307
11/12/2020;SO48503;HL85;15003;307
11/12/2020;SO48510;HL74;26631;307
11/12/2020;SO48514;HL62;15427;307
11/12/2020;SO48511;HL78;26635;307
11/12/2020;SO48507;HL95;14255;307
11/12/2020;SO48505;HL86;15071;307
11/12/2020;SO48512;HL73;20656;307
11/12/2020;SO48504;HL63;20879;310
11/12/2020;SO48506;HL90;15072;310
12/12/2020;SO48532;HL78;13112;310
12/12/2020;SO48518;HL91;19337;310
12/12/2020;SO48519;HL91;18176;310
12/12/2020;SO48526;HL88;13724;310
12/12/2020;SO48523;HL89;17203;310
12/12/2020;SO48528;HL90;22908;310
12/12/2020;SO48522;HL85;15064;310
12/12/2020;SO48530;HL73;13104;310
12/12/2020;SO48527;HL73;26617;310
12/12/2020;SO48524;HL89;15082;310
12/12/2020;SO48521;HL86;16422;310
12/12/2020;SO48533;HL57;26560;310
12/12/2020;SO48517;HL83;16442;310
12/12/2020;SO48529;HL77;26638;310
12/12/2020;SO48520;HL89;16411;310
12/12/2020;SO48531;HL77;13105;310
12/12/2020;SO48525;HL93;14284;310
13/12/2020;SO48534;HL86;16448;310
13/12/2020;SO48536;HL94;14256;310
13/12/2020;SO48542;HL77;26676;306
13/12/2020;SO48545;HL77;12335;306
13/12/2020;SO48544;HL74;13119;306
13/12/2020;SO48538;HL90;22905;306
13/12/2020;SO48535;HL62;19295;306
13/12/2020;SO48539;HL89;22921;306
13/12/2020;SO48537;HL78;12318;306
13/12/2020;SO48540;HL89;22931;306
13/12/2020;SO48541;HL83;22943;306
13/12/2020;SO48543;HL94;24918;306
14/12/2020;SO48547;HL93;19029;306
14/12/2020;SO48553;HL85;13716;306
14/12/2020;SO48557;HL85;22958;306
14/12/2020;SO48559;HL74;13122;306
14/12/2020;SO48550;HL56;19315;306
14/12/2020;SO48551;HL58;20833;306
14/12/2020;SO48558;HL77;26684;306
14/12/2020;SO48561;HL63;26562;306
14/12/2020;SO48549;HL88;14946;306
14/12/2020;SO48560;HL56;26561;306
14/12/2020;SO48554;HL78;26622;306
14/12/2020;SO48556;HL89;22936;306
14/12/2020;SO48548;HL85;16414;309
14/12/2020;SO48546;HL89;14960;309
14/12/2020;SO48555;HL55;15399;309
14/12/2020;SO48552;HL91;14242;309
15/12/2020;SO48564;HL88;17218;309
15/12/2020;SO48563;HL63;20831;309
15/12/2020;SO48562;HL88;17085;309
15/12/2020;SO48565;HL76;26604;309
15/12/2020;SO48566;HL88;22906;309
16/12/2020;SO48571;HL89;13726;309
16/12/2020;SO48569;HL55;20726;309
16/12/2020;SO48573;HL57;15419;309
16/12/2020;SO48567;HL89;14948;309
16/12/2020;SO48576;HL78;13133;309
16/12/2020;SO48568;HL56;19296;309
16/12/2020;SO48570;HL95;26504;309
16/12/2020;SO48575;HL77;13123;309
16/12/2020;SO48574;HL53;15422;309
16/12/2020;SO48577;HL60;26571;309
16/12/2020;SO48572;HL78;28756;309
17/12/2020;SO48586;HL74;13113;309
17/12/2020;SO48585;HL95;24919;309
17/12/2020;SO48579;HL90;13741;309
17/12/2020;SO48578;HL89;17207;309
17/12/2020;SO48581;HL73;26632;309
17/12/2020;SO48580;HL76;12231;309
17/12/2020;SO48583;HL89;23106;309
17/12/2020;SO48588;HL62;26569;309
17/12/2020;SO48587;HL54;26568;309
17/12/2020;SO48582;HL64;15428;249
17/12/2020;SO48584;HL90;22935;238
18/12/2020;SO48596;HL87;23101;236
18/12/2020;SO48598;HL73;13106;226
18/12/2020;SO48593;HL78;12394;233
18/12/2020;SO48597;HL73;26650;231
18/12/2020;SO48589;HL94;17646;213
18/12/2020;SO48591;HL76;28739;239
18/12/2020;SO48594;HL78;26614;240
18/12/2020;SO48590;HL73;28757;243
18/12/2020;SO48592;HL74;12266;206
18/12/2020;SO48595;HL88;23097;213
19/12/2020;SO48604;HL74;26609;248
19/12/2020;SO48611;HL77;13518;232
19/12/2020;SO48607;HL89;22946;210
19/12/2020;SO48612;HL73;13520;217
19/12/2020;SO48605;HL76;26616;212
19/12/2020;SO48601;HL78;28728;304
19/12/2020;SO48608;HL76;26644;218
19/12/2020;SO48599;HL89;15002;224
19/12/2020;SO48603;HL75;28751;209
19/12/2020;SO48609;HL75;26646;203
19/12/2020;SO48600;HL93;18185;304
19/12/2020;SO48606;HL83;22988;219
19/12/2020;SO48602;HL73;12237;226
19/12/2020;SO48610;HL76;13134;248
20/12/2020;SO48618;HL59;27259;305
20/12/2020;SO48625;HL61;26547;215
20/12/2020;SO48622;HL75;13156;220
20/12/2020;SO48624;HL78;13109;245
20/12/2020;SO48623;HL75;13108;209
20/12/2020;SO48613;HL88;14965;236
20/12/2020;SO48626;HL60;26570;214
20/12/2020;SO48620;HL77;20665;236
20/12/2020;SO48615;HL92;19360;209
20/12/2020;SO48621;HL77;13129;208
20/12/2020;SO48616;HL87;13721;305
20/12/2020;SO48617;HL86;13725;211
20/12/2020;SO48614;HL88;14976;249
20/12/2020;SO48619;HL84;22934;211
21/12/2020;SO48628;HL73;12381;241
21/12/2020;SO48629;HL95;24916;250
21/12/2020;SO48627;HL78;28758;235
22/12/2020;SO48636;HL55;15429;220
22/12/2020;SO48630;HL76;26623;212
22/12/2020;SO48635;HL76;28750;204
22/12/2020;SO48637;HL61;15474;303
22/12/2020;SO48641;HL74;13524;250
22/12/2020;SO48633;HL62;20875;208
22/12/2020;SO48639;HL76;20670;203
22/12/2020;SO48638;HL60;15475;248
22/12/2020;SO48631;HL88;17185;211
22/12/2020;SO48632;HL90;17192;227
22/12/2020;SO48634;HL78;12230;200
22/12/2020;SO48640;HL75;26681;200
23/12/2020;SO48649;HL62;15432;200
23/12/2020;SO48653;HL77;20680;199
23/12/2020;SO48650;HL87;22986;199
23/12/2020;SO48652;HL83;22951;199
23/12/2020;SO48643;HL64;20869;199
23/12/2020;SO48644;HL94;14270;307
23/12/2020;SO48651;HL89;22926;307
23/12/2020;SO48647;HL74;26625;139
23/12/2020;SO48646;HL85;13722;119
23/12/2020;SO48642;HL86;15061;139
23/12/2020;SO48648;HL74;26610;295
23/12/2020;SO48645;HL94;14283;309
24/12/2020;SO48656;HL61;20829;310
24/12/2020;SO48661;HL59;15467;306
24/12/2020;SO48657;HL87;15067;306
24/12/2020;SO48659;HL78;28749;306
24/12/2020;SO48662;HL84;22938;306
24/12/2020;SO48654;HL88;17094;306
24/12/2020;SO48655;HL93;18183;306
24/12/2020;SO48660;HL75;26607;310
24/12/2020;SO48664;HL74;13521;310
24/12/2020;SO48663;HL78;13118;310
24/12/2020;SO48665;HL60;20872;310
24/12/2020;SO48666;HL77;13090;310
25/12/2020;SO48673;HL77;13131;310
25/12/2020;SO48674;HL60;26548;307
25/12/2020;SO48669;HL57;19293;307
25/12/2020;SO48667;HL95;19341;307
25/12/2020;SO48671;HL77;12270;307
25/12/2020;SO48670;HL89;13715;307
25/12/2020;SO48672;HL90;22950;307
25/12/2020;SO48668;HL95;18626;307
26/12/2020;SO48679;HL73;26608;307
26/12/2020;SO48682;HL74;13091;307
26/12/2020;SO48680;HL63;27242;307
26/12/2020;SO48676;HL85;13729;309
26/12/2020;SO48675;HL90;15079;309
26/12/2020;SO48678;HL78;26627;200
26/12/2020;SO48677;HL76;12391;200
26/12/2020;SO48681;HL73;13160;200
27/12/2020;SO48687;HL73;12317;200
27/12/2020;SO48684;HL90;16534;200
27/12/2020;SO48690;HL77;13130;200
27/12/2020;SO48683;HL93;17648;200
27/12/2020;SO48689;HL93;24914;200
27/12/2020;SO48691;HL62;26549;200
27/12/2020;SO48688;HL87;22966;200
27/12/2020;SO48686;HL86;25999;200
27/12/2020;SO48685;HL84;13728;200
28/12/2020;SO48692;HL91;18171;200
28/12/2020;SO48694;HL78;12315;199
28/12/2020;SO48701;HL77;13103;199
28/12/2020;SO48696;HL83;23100;199
28/12/2020;SO48699;HL78;13115;199
28/12/2020;SO48695;HL78;26624;199
28/12/2020;SO48693;HL85;25995;199
28/12/2020;SO48698;HL78;26647;199
28/12/2020;SO48697;HL86;22933;199
28/12/2020;SO48700;HL77;13519;199
29/12/2020;SO48708;HL89;16466;199
29/12/2020;SO48712;HL62;27252;199
29/12/2020;SO48707;HL56;19313;308
29/12/2020;SO48713;HL60;27253;308
29/12/2020;SO48709;HL91;14268;308
29/12/2020;SO48714;HL89;23104;308
29/12/2020;SO48704;HL84;16429;41
29/12/2020;SO48702;HL89;17115;179
29/12/2020;SO48711;HL56;15410;59
29/12/2020;SO48715;HL88;23107;142
29/12/2020;SO48706;HL94;19359;130
29/12/2020;SO48705;HL87;14995;190
29/12/2020;SO48703;HL84;15004;137
29/12/2020;SO48710;HL74;12305;87
30/12/2020;SO48716;HL89;17626;92
30/12/2020;SO48721;HL83;22930;123
30/12/2020;SO48722;HL84;22937;16
30/12/2020;SO48719;HL83;23099;104
30/12/2020;SO48720;HL86;22910;164
30/12/2020;SO48717;HL73;28736;45
30/12/2020;SO48718;HL75;12382;48
31/12/2020;SO48727;HL77;13128;117
31/12/2020;SO48725;HL89;17202;73
31/12/2020;SO48728;HL74;13111;8
31/12/2020;SO48729;HL55;26563;283
31/12/2020;SO48724;HL63;20722;68
31/12/2020;SO48723;HL84;14944;73
31/12/2020;SO48726;HL92;24915;150
