Data Compra;ID Forncedor ;Codigo Produto;Quantidade;;;;;
18/01/2020;F450;HL45;153;;;;;
18/01/2020;F388;HL43;58;;;;;
21/01/2020;F581;HL67;132;;;;;
22/01/2020;F941;HL44;61;;;;;
02/02/2020;F630;HL45;55;;;;;
15/02/2020;F345;HL45;179;;;;;
19/02/2020;F899;HL44;12;;;;;
24/02/2020;F455;HL47;180;;;;;
08/03/2020;F871;HL71;193;;;;;
13/03/2020;F899;HL71;154;;;;;
14/03/2020;F450;HL67;123;;;;;
15/03/2020;F388;HL63;49;;;;;
22/03/2020;F581;HL44;170;;;;;
26/03/2020;F941;HL45;186;;;;;
28/03/2020;F630;HL45;5;;;;;
28/03/2020;F345;HL47;50;;;;;
29/03/2020;F899;HL44;14;;;;;
01/04/2020;F455;HL44;189;;;;;
07/04/2020;F871;HL44;14;;;;;
07/04/2020;F899;HL72;154;;;;;
09/04/2020;F555;HL44;177;;;;;
10/04/2020;F799;HL56;48;;;;;
15/04/2020;F450;HL45;129;;;;;
16/04/2020;F388;HL70;84;;;;;
20/04/2020;F581;HL43;158;;;;;
21/04/2020;F941;HL45;85;;;;;
25/04/2020;F630;HL55;1;;;;;
27/04/2020;F345;HL47;135;;;;;
29/04/2020;F899;HL43;52;;;;;
29/04/2020;F455;HL69;286;;;;;
30/04/2020;F871;HL58;286;;;;;
01/05/2020;F899;HL45;157;;;;;
06/05/2020;F450;HL55;158;;;;;
07/05/2020;F388;HL72;116;;;;;
13/05/2020;F581;HL43;26;;;;;
14/05/2020;F941;HL46;52;;;;;
16/05/2020;F630;HL46;22;;;;;
16/05/2020;F345;HL46;174;;;;;
22/05/2020;F899;HL47;31;;;;;
24/05/2020;F455;HL54;117;;;;;
30/05/2020;F871;HL46;4;;;;;
30/05/2020;F899;HL47;186;;;;;
05/06/2020;F555;HL46;144;;;;;
07/06/2020;F799;HL64;23;;;;;
20/06/2020;F450;HL68;69;;;;;
24/06/2020;F388;HL53;192;;;;;
03/07/2020;F581;HL87;159;;;;;
11/07/2020;F941;HL94;116;;;;;
22/07/2020;F630;HL90;84;;;;;
14/08/2020;F345;HL89;199;;;;;
15/08/2020;F899;HL89;199;;;;;
15/08/2020;F455;HL57;199;;;;;
26/08/2020;F871;HL94;199;;;;;
28/08/2020;F899;HL85;199;;;;;
31/08/2020;F450;HL87;199;;;;;
03/09/2020;F388;HL84;199;;;;;
10/09/2020;F581;HL74;308;;;;;
03/10/2020;F941;HL73;308;;;;;
07/10/2020;F630;HL73;308;;;;;
08/10/2020;F345;HL74;308;;;;;
12/10/2020;F899;HL90;308;;;;;
13/10/2020;F455;HL73;308;;;;;
23/10/2020;F871;HL74;308;;;;;
25/10/2020;F899;HL60;200;;;;;
27/10/2020;F555;HL83;200;;;;;
28/10/2020;F799;HL87;200;;;;;
30/10/2020;F450;HL85;200;;;;;
16/11/2020;F388;HL90;300;;;;;
20/11/2020;F581;HL77;253;;;;;
23/11/2020;F941;HL56;256;;;;;
24/11/2020;F630;HL58;252;;;;;
27/11/2020;F345;HL53;281;;;;;
01/12/2020;F899;HL75;278;;;;;
04/12/2020;F455;HL55;272;;;;;
05/12/2020;F871;HL95;293;;;;;
06/12/2020;F899;HL77;265;;;;;
10/12/2020;F450;HL60;276;;;;;
11/12/2020;F388;HL88;252;;;;;
12/12/2020;F581;HL89;272;;;;;
12/12/2020;F941;HL78;299;;;;;
12/12/2020;F630;HL90;268;;;;;
14/12/2020;F345;HL89;265;;;;;
16/12/2020;F899;HL89;294;;;;;
18/12/2020;F455;HL73;302;;;;;
25/12/2020;F871;HL95;254;;;;;
07/01/2021;F899;HL78;307;;;;;
09/01/2021;F555;HL87;307;;;;;
10/01/2021;F799;HL91;307;;;;;
16/01/2021;F450;HL86;307;;;;;
23/01/2021;F388;HL59;307;;;;;
23/01/2021;F581;HL74;310;;;;;
26/01/2021;F941;HL58;310;;;;;
31/01/2021;F630;HL77;310;;;;;
01/02/2021;F345;HL74;310;;;;;
12/02/2021;F899;HL58;235;;;;;
14/02/2021;F455;HL91;225;;;;;
20/02/2021;F871;HL57;202;;;;;
20/02/2021;F899;HL89;215;;;;;
22/02/2021;F450;HL84;243;;;;;
22/02/2021;F388;HL78;305;;;;;
25/02/2021;F581;HL85;205;;;;;
08/03/2021;F941;HL73;247;;;;;
12/03/2021;F630;HL61;263;;;;;
18/03/2021;F345;HL85;248;;;;;
20/03/2021;F899;HL77;201;;;;;
21/03/2021;F455;HL58;309;;;;;
24/03/2021;F871;HL58;309;;;;;
29/03/2021;F899;HL88;306;;;;;
31/03/2021;F555;HL83;306;;;;;
01/04/2021;F799;HL87;306;;;;;
04/04/2021;F450;HL94;306;;;;;
13/04/2021;F388;HL78;306;;;;;
25/04/2021;F581;HL53;306;;;;;
27/04/2021;F941;HL87;306;;;;;
01/05/2021;F630;HL54;306;;;;;
01/05/2021;F345;HL73;306;;;;;
03/05/2021;F899;HL85;22;;;;;
11/05/2021;F455;HL73;197;;;;;
16/05/2021;F871;HL74;303;;;;;
21/05/2021;F899;HL86;275;;;;;
23/05/2021;F450;HL57;222;;;;;
26/05/2021;F388;HL77;309;;;;;
27/05/2021;F581;HL56;190;;;;;
31/05/2021;F941;HL84;173;;;;;
10/06/2021;F630;HL75;128;;;;;
12/06/2021;F345;HL91;171;;;;;
13/06/2021;F899;HL86;24;;;;;
15/06/2021;F455;HL59;151;;;;;
19/06/2021;F871;HL57;101;;;;;
21/06/2021;F899;HL83;112;;;;;
25/06/2021;F555;HL84;167;;;;;
27/06/2021;F799;HL78;171;;;;;
02/07/2021;F450;HL88;146;;;;;
03/07/2021;F388;HL74;24;;;;;
03/07/2021;F581;HL164;30;;;;;
03/07/2021;F941;HL166;199;;;;;
04/07/2021;F630;HL75;308;;;;;
06/07/2021;F345;HL215;269;;;;;
07/07/2021;F899;HL76;307;;;;;
08/07/2021;F455;HL91;234;;;;;
08/07/2021;F871;HL165;309;;;;;
08/07/2021;F899;HL167;309;;;;;
08/07/2021;F450;HL174;306;;;;;
08/07/2021;F388;HL167;200;;;;;
09/07/2021;F581;HL2;307;;;;;
11/07/2021;F941;HL164;307;;;;;
11/07/2021;F630;HL9;310;;;;;
12/07/2021;F345;HL165;260;;;;;
12/07/2021;F899;HL95;199;;;;;
13/07/2021;F455;HL73;242;;;;;
13/07/2021;F871;HL86;210;;;;;
13/07/2021;F899;HL172;231;;;;;
14/07/2021;F555;HL292;306;;;;;
15/07/2021;F799;HL227;308;;;;;
15/07/2021;F450;HL165;160;;;;;
15/07/2021;F388;HL170;199;;;;;
15/07/2021;F581;HL227;242;;;;;
15/07/2021;F941;HL171;244;;;;;
16/07/2021;F630;HL6;308;;;;;
19/07/2021;F345;HL224;308;;;;;
22/07/2021;F899;HL164;306;;;;;
23/07/2021;F455;HL89;306;;;;;
23/07/2021;F871;HL5;306;;;;;
24/07/2021;F899;HL164;309;;;;;
25/07/2021;F450;HL224;221;;;;;
26/07/2021;F388;HL174;224;;;;;
26/07/2021;F581;HL215;309;;;;;
28/07/2021;F941;HL89;221;;;;;
28/07/2021;F630;HL172;231;;;;;
29/07/2021;F345;HL152;218;;;;;
29/07/2021;F899;HL167;218;;;;;
29/07/2021;F455;HL174;200;;;;;
29/07/2021;F871;HL167;200;;;;;
30/07/2021;F899;HL291;200;;;;;
31/07/2021;F555;HL227;200;;;;;
31/07/2021;F799;HL5;199;;;;;
31/07/2021;F450;HL176;199;;;;;
01/08/2021;F388;HL174;199;;;;;
01/08/2021;F581;HL173;306;;;;;
02/08/2021;F941;HL164;306;;;;;
02/08/2021;F630;HL164;306;;;;;
02/08/2021;F345;HL226;307;;;;;
03/08/2021;F899;HL8;308;;;;;
03/08/2021;F455;HL224;310;;;;;
03/08/2021;F871;HL227;310;;;;;
04/08/2021;F899;HL165;310;;;;;
05/08/2021;F450;HL171;310;;;;;
05/08/2021;F388;HL215;310;;;;;
05/08/2021;F581;HL5;310;;;;;
06/08/2021;F941;HL216;267;;;;;
07/08/2021;F630;HL167;268;;;;;
07/08/2021;F345;HL88;260;;;;;
07/08/2021;F899;HL167;267;;;;;
07/08/2021;F455;HL166;267;;;;;
07/08/2021;F871;HL224;268;;;;;
08/08/2021;F899;HL223;17;;;;;
08/08/2021;F555;HL86;9;;;;;
09/08/2021;F799;HL87;165;;;;;
09/08/2021;F450;HL222;114;;;;;
09/08/2021;F388;HL227;83;;;;;
10/08/2021;F581;HL164;151;;;;;
10/08/2021;F941;HL5;171;;;;;
11/08/2021;F630;HL93;173;;;;;
11/08/2021;F345;HL164;17;;;;;
11/08/2021;F899;HL215;160;;;;;
12/08/2021;F455;HL215;70;;;;;
12/08/2021;F871;HL216;9;;;;;
12/08/2021;F899;HL222;75;;;;;
12/08/2021;F450;HL167;289;;;;;
12/08/2021;F388;HL164;25;;;;;
12/08/2021;F581;HL153;162;;;;;
12/08/2021;F941;HL252;70;;;;;
13/08/2021;F630;HL94;25;;;;;
13/08/2021;F345;HL165;16;;;;;
13/08/2021;F899;HL174;10;;;;;
13/08/2021;F455;HL216;134;;;;;
13/08/2021;F871;HL277;188;;;;;
14/08/2021;F899;HL10;196;;;;;
14/08/2021;F555;HL225;8;;;;;
14/08/2021;F799;HL1;114;;;;;
14/08/2021;F450;HL7;167;;;;;
14/08/2021;F388;HL217;30;;;;;
14/08/2021;F581;HL2;8;;;;;
15/08/2021;F941;HL215;6;;;;;
15/08/2021;F630;HL216;134;;;;;
15/08/2021;F345;HL223;13;;;;;
15/08/2021;F899;HL8;138;;;;;
15/08/2021;F455;HL165;148;;;;;
15/08/2021;F871;HL225;128;;;;;
15/08/2021;F899;HL7;35;;;;;
16/08/2021;F450;HL75;160;;;;;
16/08/2021;F388;HL172;6;;;;;
16/08/2021;F581;HL165;27;;;;;
17/08/2021;F941;HL5;121;;;;;
17/08/2021;F630;HL226;289;;;;;
17/08/2021;F345;HL216;173;;;;;
18/08/2021;F899;HL77;77;;;;;
18/08/2021;F455;HL164;25;;;;;
18/08/2021;F871;HL165;199;;;;;
19/08/2021;F899;HL164;199;;;;;
19/08/2021;F555;HL227;199;;;;;
19/08/2021;F799;HL6;308;;;;;
20/08/2021;F450;HL216;308;;;;;
20/08/2021;F388;HL5;308;;;;;
20/08/2021;F581;HL8;308;;;;;
20/08/2021;F941;HL216;308;;;;;
20/08/2021;F630;HL217;200;;;;;
21/08/2021;F345;HL1;200;;;;;
21/08/2021;F899;HL1;200;;;;;
22/08/2021;F455;HL5;200;;;;;
23/08/2021;F871;HL164;38;;;;;
23/08/2021;F899;HL78;147;;;;;
24/08/2021;F450;HL173;179;;;;;
24/08/2021;F388;HL222;39;;;;;
24/08/2021;F581;HL165;285;;;;;
24/08/2021;F941;HL167;41;;;;;
24/08/2021;F630;HL173;103;;;;;
24/08/2021;F345;HL215;122;;;;;
24/08/2021;F899;HL165;155;;;;;
24/08/2021;F455;HL1;57;;;;;
24/08/2021;F871;HL167;25;;;;;
24/08/2021;F899;HL167;159;;;;;
25/08/2021;F555;HL2;157;;;;;
25/08/2021;F799;HL9;286;;;;;
25/08/2021;F450;HL252;118;;;;;
25/08/2021;F388;HL174;47;;;;;
25/08/2021;F581;HL216;112;;;;;
25/08/2021;F941;HL227;132;;;;;
26/08/2021;F630;HL163;145;;;;;
26/08/2021;F345;HL78;148;;;;;
26/08/2021;F899;HL7;287;;;;;
26/08/2021;F455;HL154;36;;;;;
27/08/2021;F871;HL164;38;;;;;
27/08/2021;F899;HL164;78;;;;;
28/08/2021;F450;HL227;168;;;;;
28/08/2021;F388;HL262;59;;;;;
28/08/2021;F581;HL6;96;;;;;
28/08/2021;F941;HL164;64;;;;;
29/08/2021;F630;HL164;196;;;;;
29/08/2021;F345;HL176;103;;;;;
29/08/2021;F899;HL164;96;;;;;
29/08/2021;F455;HL216;60;;;;;
30/08/2021;F871;HL164;31;;;;;
30/08/2021;F899;HL167;185;;;;;
30/08/2021;F555;HL153;190;;;;;
30/08/2021;F799;HL169;53;;;;;
30/08/2021;F450;HL215;117;;;;;
30/08/2021;F388;HL226;128;;;;;
30/08/2021;F581;HL166;107;;;;;
30/08/2021;F941;HL216;139;;;;;
30/08/2021;F630;HL217;285;;;;;
31/08/2021;F345;HL167;93;;;;;
31/08/2021;F899;HL255;73;;;;;
31/08/2021;F455;HL217;76;;;;;
31/08/2021;F871;HL167;180;;;;;
01/09/2021;F899;HL5;110;;;;;
01/09/2021;F450;HL222;170;;;;;
02/09/2021;F388;HL165;45;;;;;
02/09/2021;F581;HL93;68;;;;;
03/09/2021;F941;HL164;161;;;;;
03/09/2021;F630;HL225;138;;;;;
03/09/2021;F345;HL154;166;;;;;
03/09/2021;F899;HL261;135;;;;;
03/09/2021;F455;HL78;110;;;;;
03/09/2021;F871;HL167;60;;;;;
03/09/2021;F899;HL215;172;;;;;
03/09/2021;F555;HL248;140;;;;;
04/09/2021;F799;HL164;20;;;;;
04/09/2021;F450;HL228;63;;;;;
04/09/2021;F388;HL215;154;;;;;
04/09/2021;F581;HL171;111;;;;;
05/09/2021;F941;HL164;161;;;;;
05/09/2021;F630;HL78;169;;;;;
05/09/2021;F345;HL224;195;;;;;
05/09/2021;F899;HL5;88;;;;;
05/09/2021;F455;HL164;92;;;;;
05/09/2021;F871;HL172;144;;;;;
06/09/2021;F899;HL1;165;;;;;
06/09/2021;F450;HL164;50;;;;;
06/09/2021;F388;HL165;113;;;;;
06/09/2021;F581;HL249;82;;;;;
06/09/2021;F941;HL167;109;;;;;
06/09/2021;F630;HL6;176;;;;;
07/09/2021;F345;HL5;107;;;;;
07/09/2021;F899;HL76;179;;;;;
08/09/2021;F455;HL162;40;;;;;
08/09/2021;F871;HL77;33;;;;;
08/09/2021;F899;HL225;135;;;;;
09/09/2021;F555;HL164;129;;;;;
09/09/2021;F799;HL164;74;;;;;
09/09/2021;F450;HL165;50;;;;;
09/09/2021;F388;HL167;284;;;;;
10/09/2021;F581;HL93;110;;;;;
10/09/2021;F941;HL215;36;;;;;
10/09/2021;F630;HL176;42;;;;;
10/09/2021;F345;HL216;71;;;;;
11/09/2021;F899;HL225;172;;;;;
11/09/2021;F455;HL167;174;;;;;
11/09/2021;F871;HL95;198;;;;;
12/09/2021;F899;HL1;282;;;;;
12/09/2021;F450;HL223;78;;;;;
13/09/2021;F388;HL76;29;;;;;
13/09/2021;F581;HL161;196;;;;;
13/09/2021;F941;HL164;158;;;;;
13/09/2021;F630;HL164;192;;;;;
13/09/2021;F345;HL165;117;;;;;
13/09/2021;F899;HL6;164;;;;;
14/09/2021;F455;HL224;44;;;;;
14/09/2021;F871;HL263;84;;;;;
15/09/2021;F899;HL94;71;;;;;
15/09/2021;F555;HL2;161;;;;;
15/09/2021;F799;HL166;192;;;;;
15/09/2021;F450;HL216;97;;;;;
15/09/2021;F388;HL216;163;;;;;
15/09/2021;F581;HL217;13;;;;;
16/09/2021;F941;HL165;147;;;;;
16/09/2021;F630;HL224;6;;;;;
16/09/2021;F345;HL164;291;;;;;
16/09/2021;F899;HL165;89;;;;;
16/09/2021;F455;HL216;122;;;;;
17/09/2021;F871;HL153;68;;;;;
17/09/2021;F899;HL153;12;;;;;
17/09/2021;F450;HL1;105;;;;;
18/09/2021;F388;HL227;122;;;;;
18/09/2021;F581;HL87;185;;;;;
18/09/2021;F941;HL216;155;;;;;
19/09/2021;F630;HL5;135;;;;;
19/09/2021;F345;HL95;53;;;;;
19/09/2021;F899;HL215;149;;;;;
19/09/2021;F455;HL225;177;;;;;
19/09/2021;F871;HL268;102;;;;;
20/09/2021;F899;HL94;53;;;;;
20/09/2021;F555;HL166;125;;;;;
20/09/2021;F799;HL164;97;;;;;
20/09/2021;F450;HL225;149;;;;;
21/09/2021;F388;HL225;23;;;;;
21/09/2021;F581;HL164;14;;;;;
21/09/2021;F941;HL167;197;;;;;
21/09/2021;F630;HL216;184;;;;;
22/09/2021;F345;HL222;198;;;;;
23/09/2021;F899;HL164;191;;;;;
23/09/2021;F455;HL153;196;;;;;
23/09/2021;F871;HL178;39;;;;;
23/09/2021;F899;HL228;124;;;;;
23/09/2021;F450;HL248;60;;;;;
24/09/2021;F388;HL9;95;;;;;
24/09/2021;F581;HL222;136;;;;;
24/09/2021;F941;HL161;47;;;;;
24/09/2021;F630;HL2;93;;;;;
25/09/2021;F345;HL226;18;;;;;
25/09/2021;F899;HL215;95;;;;;
26/09/2021;F455;HL170;119;;;;;
26/09/2021;F871;HL225;37;;;;;
26/09/2021;F899;HL280;43;;;;;
26/09/2021;F555;HL164;120;;;;;
26/09/2021;F799;HL172;126;;;;;
26/09/2021;F450;HL2;38;;;;;
26/09/2021;F388;HL216;40;;;;;
26/09/2021;F581;HL223;34;;;;;
26/09/2021;F941;HL269;17;;;;;
26/09/2021;F630;HL175;80;;;;;
27/09/2021;F345;HL215;186;;;;;
27/09/2021;F899;HL9;23;;;;;
28/09/2021;F455;HL164;142;;;;;
28/09/2021;F871;HL215;148;;;;;
28/09/2021;F899;HL8;92;;;;;
28/09/2021;F450;HL6;49;;;;;
29/09/2021;F388;HL215;144;;;;;
29/09/2021;F581;HL227;85;;;;;
30/09/2021;F941;HL158;7;;;;;
30/09/2021;F630;HL292;18;;;;;
30/09/2021;F345;HL215;120;;;;;
30/09/2021;F899;HL225;138;;;;;
30/09/2021;F455;HL292;31;;;;;
30/09/2021;F871;HL215;124;;;;;
01/10/2021;F899;HL165;166;;;;;
01/10/2021;F555;HL9;153;;;;;
01/10/2021;F799;HL76;46;;;;;
01/10/2021;F450;HL164;59;;;;;
01/10/2021;F388;HL215;141;;;;;
02/10/2021;F581;HL167;68;;;;;
02/10/2021;F941;HL222;181;;;;;
02/10/2021;F630;HL1;26;;;;;
02/10/2021;F345;HL216;48;;;;;
02/10/2021;F899;HL2;3;;;;;
02/10/2021;F455;HL216;46;;;;;
03/10/2021;F871;HL73;31;;;;;
04/10/2021;F899;HL166;189;;;;;
04/10/2021;F450;HL174;36;;;;;
04/10/2021;F388;HL167;84;;;;;
04/10/2021;F581;HL1;150;;;;;
05/10/2021;F941;HL172;190;;;;;
05/10/2021;F630;HL167;12;;;;;
05/10/2021;F345;HL154;190;;;;;
06/10/2021;F899;HL172;152;;;;;
06/10/2021;F455;HL6;24;;;;;
06/10/2021;F871;HL77;14;;;;;
06/10/2021;F899;HL164;81;;;;;
06/10/2021;F555;HL165;96;;;;;
06/10/2021;F799;HL175;12;;;;;
07/10/2021;F450;HL225;79;;;;;
07/10/2021;F388;HL10;118;;;;;
08/10/2021;F581;HL223;147;;;;;
08/10/2021;F941;HL164;125;;;;;
08/10/2021;F630;HL167;291;;;;;
08/10/2021;F345;HL227;168;;;;;
09/10/2021;F899;HL6;122;;;;;
09/10/2021;F455;HL165;159;;;;;
09/10/2021;F871;HL6;291;;;;;
09/10/2021;F899;HL8;91;;;;;
09/10/2021;F450;HL217;11;;;;;
09/10/2021;F388;HL10;79;;;;;
09/10/2021;F581;HL164;86;;;;;
09/10/2021;F941;HL153;95;;;;;
09/10/2021;F630;HL167;284;;;;;
09/10/2021;F345;HL216;102;;;;;
10/10/2021;F899;HL9;8;;;;;
10/10/2021;F455;HL153;125;;;;;
10/10/2021;F871;HL224;183;;;;;
10/10/2021;F899;HL165;120;;;;;
10/10/2021;F555;HL216;81;;;;;
10/10/2021;F799;HL222;11;;;;;
10/10/2021;F450;HL166;43;;;;;
10/10/2021;F388;HL222;98;;;;;
11/10/2021;F581;HL267;51;;;;;
11/10/2021;F941;HL215;141;;;;;
11/10/2021;F630;HL287;96;;;;;
11/10/2021;F345;HL217;58;;;;;
12/10/2021;F899;HL163;190;;;;;
12/10/2021;F455;HL224;194;;;;;
12/10/2021;F871;HL226;15;;;;;
12/10/2021;F899;HL77;153;;;;;
12/10/2021;F450;HL1;115;;;;;
12/10/2021;F388;HL2;76;;;;;
13/10/2021;F581;HL6;55;;;;;
13/10/2021;F941;HL92;2;;;;;
13/10/2021;F630;HL227;66;;;;;
14/10/2021;F345;HL268;53;;;;;
14/10/2021;F899;HL2;104;;;;;
14/10/2021;F455;HL164;63;;;;;
15/10/2021;F871;HL291;94;;;;;
15/10/2021;F899;HL73;285;;;;;
16/10/2021;F555;HL166;37;;;;;
16/10/2021;F799;HL172;137;;;;;
16/10/2021;F450;HL176;127;;;;;
16/10/2021;F388;HL91;57;;;;;
17/10/2021;F581;HL167;17;;;;;
17/10/2021;F941;HL217;129;;;;;
17/10/2021;F630;HL172;1;;;;;
17/10/2021;F345;HL225;115;;;;;
18/10/2021;F899;HL169;291;;;;;
19/10/2021;F455;HL276;94;;;;;
19/10/2021;F871;HL5;134;;;;;
19/10/2021;F899;HL74;286;;;;;
20/10/2021;F450;HL154;115;;;;;
20/10/2021;F388;HL167;104;;;;;
20/10/2021;F581;HL222;178;;;;;
20/10/2021;F941;HL153;59;;;;;
20/10/2021;F630;HL165;89;;;;;
21/10/2021;F345;HL6;19;;;;;
21/10/2021;F899;HL169;288;;;;;
21/10/2021;F455;HL2;198;;;;;
21/10/2021;F871;HL224;285;;;;;
21/10/2021;F899;HL226;26;;;;;
22/10/2021;F555;HL292;15;;;;;
22/10/2021;F799;HL217;176;;;;;
22/10/2021;F450;HL292;138;;;;;
22/10/2021;F388;HL166;110;;;;;
22/10/2021;F581;HL224;108;;;;;
23/10/2021;F941;HL6;134;;;;;
23/10/2021;F630;HL77;169;;;;;
23/10/2021;F345;HL172;33;;;;;
24/10/2021;F899;HL1;185;;;;;
24/10/2021;F455;HL154;15;;;;;
24/10/2021;F871;HL228;102;;;;;
25/10/2021;F899;HL227;142;;;;;
25/10/2021;F450;HL293;50;;;;;
25/10/2021;F388;HL164;37;;;;;
25/10/2021;F581;HL168;119;;;;;
25/10/2021;F941;HL172;141;;;;;
26/10/2021;F630;HL95;199;;;;;
26/10/2021;F345;HL215;199;;;;;
26/10/2021;F899;HL216;199;;;;;
26/10/2021;F455;HL217;153;;;;;
26/10/2021;F871;HL175;58;;;;;
26/10/2021;F899;HL165;132;;;;;
26/10/2021;F555;HL228;61;;;;;
27/10/2021;F799;HL5;55;;;;;
27/10/2021;F450;HL176;179;;;;;
28/10/2021;F388;HL6;12;;;;;
28/10/2021;F581;HL167;180;;;;;
28/10/2021;F941;HL171;193;;;;;
28/10/2021;F630;HL264;154;;;;;
28/10/2021;F345;HL5;123;;;;;
28/10/2021;F899;HL164;49;;;;;
28/10/2021;F455;HL158;170;;;;;
29/10/2021;F871;HL268;186;;;;;
29/10/2021;F899;HL228;5;;;;;
29/10/2021;F450;HL10;50;;;;;
29/10/2021;F388;HL225;14;;;;;
29/10/2021;F581;HL164;189;;;;;
30/10/2021;F941;HL224;14;;;;;
30/10/2021;F630;HL162;154;;;;;
30/10/2021;F345;HL76;177;;;;;
30/10/2021;F899;HL86;48;;;;;
31/10/2021;F455;HL283;129;;;;;
31/10/2021;F871;HL2;84;;;;;
31/10/2021;F899;HL217;158;;;;;
31/10/2021;F555;HL76;85;;;;;
31/10/2021;F799;HL215;1;;;;;
31/10/2021;F450;HL271;135;;;;;
31/10/2021;F388;HL291;52;;;;;
01/11/2021;F581;HL164;286;;;;;
01/11/2021;F941;HL165;286;;;;;
01/11/2021;F630;HL215;157;;;;;
01/11/2021;F345;HL216;158;;;;;
02/11/2021;F899;HL2;116;;;;;
02/11/2021;F455;HL77;26;;;;;
02/11/2021;F871;HL164;52;;;;;
02/11/2021;F899;HL1;22;;;;;
02/11/2021;F450;HL93;174;;;;;
03/11/2021;F388;HL161;31;;;;;
03/11/2021;F581;HL228;117;;;;;
03/11/2021;F941;HL88;4;;;;;
03/11/2021;F630;HL176;186;;;;;
04/11/2021;F345;HL154;144;;;;;
04/11/2021;F899;HL215;23;;;;;
05/11/2021;F455;HL165;69;;;;;
05/11/2021;F871;HL167;192;;;;;
05/11/2021;F899;HL216;159;;;;;
06/11/2021;F555;HL172;116;;;;;
06/11/2021;F799;HL164;84;;;;;
07/11/2021;F450;HL74;199;;;;;
07/11/2021;F388;HL164;199;;;;;
07/11/2021;F581;HL165;199;;;;;
07/11/2021;F941;HL227;199;;;;;
07/11/2021;F630;HL164;199;;;;;
07/11/2021;F345;HL164;199;;;;;
07/11/2021;F899;HL222;199;;;;;
07/11/2021;F455;HL224;308;;;;;
07/11/2021;F871;HL291;308;;;;;
08/11/2021;F899;HL165;308;;;;;
08/11/2021;F450;HL159;308;;;;;
08/11/2021;F388;HL223;308;;;;;
09/11/2021;F581;HL165;308;;;;;
09/11/2021;F941;HL5;308;;;;;
09/11/2021;F630;HL164;200;;;;;
09/11/2021;F345;HL164;200;;;;;
10/11/2021;F899;HL78;200;;;;;
10/11/2021;F455;HL217;200;;;;;
10/11/2021;F871;HL215;300;;;;;
10/11/2021;F899;HL166;253;;;;;
10/11/2021;F555;HL172;256;;;;;
11/11/2021;F799;HL5;252;;;;;
12/11/2021;F450;HL167;281;;;;;
12/11/2021;F388;HL293;278;;;;;
12/11/2021;F581;HL164;272;;;;;
12/11/2021;F941;HL222;293;;;;;
12/11/2021;F630;HL228;265;;;;;
13/11/2021;F345;HL166;276;;;;;
13/11/2021;F899;HL249;252;;;;;
13/11/2021;F455;HL88;272;;;;;
14/11/2021;F871;HL154;299;;;;;
14/11/2021;F899;HL276;268;;;;;
14/11/2021;F450;HL165;265;;;;;
14/11/2021;F388;HL2;294;;;;;
14/11/2021;F581;HL225;302;;;;;
14/11/2021;F941;HL224;254;;;;;
14/11/2021;F630;HL279;307;;;;;
14/11/2021;F345;HL2;307;;;;;
14/11/2021;F899;HL164;307;;;;;
15/11/2021;F455;HL167;307;;;;;
15/11/2021;F871;HL165;307;;;;;
15/11/2021;F899;HL247;310;;;;;
16/11/2021;F555;HL215;310;;;;;
16/11/2021;F799;HL225;310;;;;;
17/11/2021;F450;HL167;310;;;;;
17/11/2021;F388;HL292;235;;;;;
17/11/2021;F581;HL271;225;;;;;
17/11/2021;F941;HL174;202;;;;;
17/11/2021;F630;HL93;215;;;;;
18/11/2021;F345;HL166;243;;;;;
18/11/2021;F899;HL167;305;;;;;
18/11/2021;F455;HL5;205;;;;;
18/11/2021;F871;HL174;247;;;;;
18/11/2021;F899;HL228;263;;;;;
18/11/2021;F450;HL5;248;;;;;
18/11/2021;F388;HL216;201;;;;;
18/11/2021;F581;HL270;309;;;;;
18/11/2021;F941;HL271;309;;;;;
19/11/2021;F630;HL5;306;;;;;
19/11/2021;F345;HL89;306;;;;;
19/11/2021;F899;HL173;306;;;;;
19/11/2021;F455;HL228;306;;;;;
19/11/2021;F871;HL271;306;;;;;
19/11/2021;F899;HL1;306;;;;;
19/11/2021;F555;HL1;306;;;;;
19/11/2021;F799;HL269;306;;;;;
20/11/2021;F450;HL168;306;;;;;
20/11/2021;F388;HL152;22;;;;;
20/11/2021;F581;HL225;197;;;;;
20/11/2021;F941;HL216;303;;;;;
20/11/2021;F630;HL174;275;;;;;
21/11/2021;F345;HL5;222;;;;;
21/11/2021;F899;HL7;309;;;;;
21/11/2021;F455;HL78;190;;;;;
21/11/2021;F871;HL153;173;;;;;
22/11/2021;F899;HL75;128;;;;;
22/11/2021;F450;HL172;171;;;;;
22/11/2021;F388;HL5;24;;;;;
22/11/2021;F581;HL176;151;;;;;
22/11/2021;F941;HL1;101;;;;;
23/11/2021;F630;HL165;112;;;;;
23/11/2021;F345;HL166;167;;;;;
23/11/2021;F899;HL2;171;;;;;
23/11/2021;F455;HL163;146;;;;;
23/11/2021;F871;HL1;24;;;;;
24/11/2021;F899;HL5;30;;;;;
24/11/2021;F555;HL215;199;;;;;
24/11/2021;F799;HL223;308;;;;;
24/11/2021;F450;HL76;269;;;;;
24/11/2021;F388;HL165;307;;;;;
25/11/2021;F581;HL172;234;;;;;
25/11/2021;F941;HL171;309;;;;;
25/11/2021;F630;HL215;309;;;;;
26/11/2021;F345;HL216;306;;;;;
26/11/2021;F899;HL166;200;;;;;
26/11/2021;F455;HL171;307;;;;;
27/11/2021;F871;HL215;307;;;;;
27/11/2021;F899;HL152;310;;;;;
28/11/2021;F450;HL167;260;;;;;
28/11/2021;F388;HL170;199;;;;;
28/11/2021;F581;HL217;242;;;;;
28/11/2021;F941;HL164;210;;;;;
28/11/2021;F630;HL2;231;;;;;
28/11/2021;F345;HL276;306;;;;;
28/11/2021;F899;HL164;308;;;;;
28/11/2021;F455;HL165;160;;;;;
29/11/2021;F871;HL222;199;;;;;
29/11/2021;F899;HL164;242;;;;;
29/11/2021;F555;HL166;244;;;;;
30/11/2021;F799;HL163;308;;;;;
30/11/2021;F450;HL1;308;;;;;
30/11/2021;F388;HL222;306;;;;;
30/11/2021;F581;HL163;306;;;;;
30/11/2021;F941;HL293;306;;;;;
01/12/2021;F630;HL2;309;;;;;
01/12/2021;F345;HL222;221;;;;;
01/12/2021;F899;HL5;224;;;;;
01/12/2021;F455;HL273;309;;;;;
01/12/2021;F871;HL6;221;;;;;
01/12/2021;F899;HL164;231;;;;;
01/12/2021;F450;HL1;218;;;;;
01/12/2021;F388;HL227;218;;;;;
02/12/2021;F581;HL161;200;;;;;
03/12/2021;F941;HL215;200;;;;;
03/12/2021;F630;HL222;200;;;;;
03/12/2021;F345;HL153;200;;;;;
03/12/2021;F899;HL215;199;;;;;
03/12/2021;F455;HL175;199;;;;;
03/12/2021;F871;HL5;199;;;;;
04/12/2021;F899;HL165;306;;;;;
04/12/2021;F555;HL226;306;;;;;
04/12/2021;F799;HL164;306;;;;;
04/12/2021;F450;HL216;307;;;;;
05/12/2021;F388;HL1;308;;;;;
05/12/2021;F581;HL215;310;;;;;
05/12/2021;F941;HL165;310;;;;;
05/12/2021;F630;HL93;310;;;;;
05/12/2021;F345;HL164;310;;;;;
05/12/2021;F899;HL1;310;;;;;
05/12/2021;F455;HL2;310;;;;;
06/12/2021;F871;HL215;267;;;;;
06/12/2021;F899;HL2;268;;;;;
06/12/2021;F450;HL172;260;;;;;
06/12/2021;F388;HL250;267;;;;;
07/12/2021;F581;HL154;267;;;;;
07/12/2021;F941;HL215;268;;;;;
07/12/2021;F630;HL227;17;;;;;
07/12/2021;F345;HL161;9;;;;;
07/12/2021;F899;HL5;165;;;;;
07/12/2021;F455;HL282;114;;;;;
07/12/2021;F871;HL251;83;;;;;
07/12/2021;F899;HL285;151;;;;;
08/12/2021;F555;HL1;171;;;;;
08/12/2021;F799;HL177;173;;;;;
08/12/2021;F450;HL264;17;;;;;
08/12/2021;F388;HL152;160;;;;;
09/12/2021;F581;HL6;70;;;;;
09/12/2021;F941;HL167;9;;;;;
09/12/2021;F630;HL217;75;;;;;
09/12/2021;F345;HL224;289;;;;;
09/12/2021;F899;HL158;25;;;;;
09/12/2021;F455;HL162;162;;;;;
09/12/2021;F871;HL166;70;;;;;
09/12/2021;F899;HL166;25;;;;;
09/12/2021;F450;HL217;16;;;;;
10/12/2021;F388;HL224;10;;;;;
10/12/2021;F581;HL165;134;;;;;
11/12/2021;F941;HL86;188;;;;;
11/12/2021;F630;HL163;196;;;;;
11/12/2021;F345;HL164;8;;;;;
12/12/2021;F899;HL5;114;;;;;
12/12/2021;F455;HL1;167;;;;;
12/12/2021;F871;HL1;30;;;;;
12/12/2021;F899;HL217;8;;;;;
12/12/2021;F555;HL223;6;;;;;
12/12/2021;F799;HL165;134;;;;;
12/12/2021;F450;HL172;13;;;;;
13/12/2021;F388;HL167;138;;;;;
13/12/2021;F581;HL172;148;;;;;
13/12/2021;F941;HL222;128;;;;;
13/12/2021;F630;HL216;35;;;;;
13/12/2021;F345;HL6;160;;;;;
13/12/2021;F899;HL173;6;;;;;
13/12/2021;F455;HL217;27;;;;;
14/12/2021;F871;HL227;121;;;;;
14/12/2021;F899;HL166;289;;;;;
14/12/2021;F450;HL5;173;;;;;
15/12/2021;F388;HL78;77;;;;;
15/12/2021;F581;HL165;25;;;;;
15/12/2021;F941;HL264;199;;;;;
15/12/2021;F630;HL176;199;;;;;
15/12/2021;F345;HL215;199;;;;;
15/12/2021;F899;HL225;308;;;;;
15/12/2021;F455;HL222;308;;;;;
15/12/2021;F871;HL259;308;;;;;
15/12/2021;F899;HL167;308;;;;;
16/12/2021;F555;HL167;308;;;;;
16/12/2021;F799;HL217;200;;;;;
16/12/2021;F450;HL93;200;;;;;
16/12/2021;F388;HL171;200;;;;;
17/12/2021;F581;HL161;200;;;;;
17/12/2021;F941;HL226;38;;;;;
17/12/2021;F630;HL5;147;;;;;
17/12/2021;F345;HL270;179;;;;;
17/12/2021;F899;HL215;39;;;;;
17/12/2021;F455;HL224;285;;;;;
17/12/2021;F871;HL164;41;;;;;
18/12/2021;F899;HL76;103;;;;;
18/12/2021;F450;HL164;122;;;;;
19/12/2021;F388;HL5;155;;;;;
19/12/2021;F581;HL263;57;;;;;
19/12/2021;F941;HL75;25;;;;;
20/12/2021;F630;HL216;159;;;;;
20/12/2021;F345;HL165;157;;;;;
20/12/2021;F899;HL6;286;;;;;
20/12/2021;F455;HL222;118;;;;;
20/12/2021;F871;HL262;47;;;;;
21/12/2021;F899;HL164;112;;;;;
21/12/2021;F555;HL77;132;;;;;
21/12/2021;F799;HL164;145;;;;;
21/12/2021;F450;HL167;148;;;;;
22/12/2021;F388;HL93;287;;;;;
23/12/2021;F581;HL2;36;;;;;
23/12/2021;F941;HL164;38;;;;;
23/12/2021;F630;HL175;78;;;;;
23/12/2021;F345;HL2;168;;;;;
23/12/2021;F899;HL171;59;;;;;
24/12/2021;F455;HL167;96;;;;;
24/12/2021;F871;HL224;64;;;;;
24/12/2021;F899;HL226;196;;;;;
24/12/2021;F450;HL168;103;;;;;
24/12/2021;F388;HL152;96;;;;;
24/12/2021;F581;HL164;60;;;;;
24/12/2021;F941;HL216;31;;;;;
24/12/2021;F630;HL217;185;;;;;
25/12/2021;F345;HL1;190;;;;;
25/12/2021;F899;HL5;53;;;;;
25/12/2021;F455;HL163;117;;;;;
25/12/2021;F871;HL275;128;;;;;
25/12/2021;F899;HL2;107;;;;;
25/12/2021;F555;HL6;139;;;;;
25/12/2021;F799;HL8;285;;;;;
25/12/2021;F450;HL217;93;;;;;
25/12/2021;F388;HL9;73;;;;;
26/12/2021;F581;HL9;76;;;;;
26/12/2021;F941;HL166;180;;;;;
26/12/2021;F630;HL1;110;;;;;
26/12/2021;F345;HL215;170;;;;;
26/12/2021;F899;HL166;45;;;;;
26/12/2021;F455;HL94;68;;;;;
26/12/2021;F871;HL215;161;;;;;
27/12/2021;F899;HL215;138;;;;;
27/12/2021;F450;HL166;166;;;;;
27/12/2021;F388;HL167;135;;;;;
28/12/2021;F581;HL271;110;;;;;
28/12/2021;F941;HL1;60;;;;;
28/12/2021;F630;HL225;172;;;;;
28/12/2021;F345;HL224;140;;;;;
28/12/2021;F899;HL164;20;;;;;
28/12/2021;F455;HL1;63;;;;;
28/12/2021;F871;HL249;154;;;;;
28/12/2021;F899;HL292;111;;;;;
29/12/2021;F555;HL171;161;;;;;
29/12/2021;F799;HL215;169;;;;;
30/12/2021;F450;HL2;195;;;;;
30/12/2021;F388;HL222;88;;;;;
30/12/2021;F581;HL227;92;;;;;
30/12/2021;F941;HL91;144;;;;;
30/12/2021;F630;HL171;165;;;;;
30/12/2021;F345;HL169;50;;;;;
30/12/2021;F899;HL8;113;;;;;
31/12/2021;F455;HL6;82;;;;;
31/12/2021;F871;HL224;109;;;;;
31/12/2021;F899;HL226;176;;;;;
31/12/2021;F450;HL164;107;;;;;
31/12/2021;F388;HL267;179;;;;;
31/12/2021;F581;HL166;40;;;;;
01/01/2022;F941;HL215;33;;;;;
01/01/2022;F630;HL164;135;;;;;
01/01/2022;F345;HL166;129;;;;;
01/01/2022;F899;HL215;74;;;;;
01/01/2022;F455;HL172;50;;;;;
02/01/2022;F871;HL224;284;;;;;
02/01/2022;F899;HL2;110;;;;;
02/01/2022;F555;HL166;36;;;;;
02/01/2022;F799;HL1;42;;;;;
02/01/2022;F450;HL215;71;;;;;
02/01/2022;F388;HL1;172;;;;;
02/01/2022;F581;HL248;174;;;;;
03/01/2022;F941;HL174;198;;;;;
03/01/2022;F630;HL172;282;;;;;
03/01/2022;F345;HL164;78;;;;;
03/01/2022;F899;HL227;29;;;;;
03/01/2022;F455;HL167;196;;;;;
03/01/2022;F871;HL164;158;;;;;
04/01/2022;F899;HL223;192;;;;;
04/01/2022;F450;HL171;117;;;;;
05/01/2022;F388;HL166;164;;;;;
05/01/2022;F581;HL223;44;;;;;
05/01/2022;F941;HL1;84;;;;;
05/01/2022;F630;HL167;71;;;;;
06/01/2022;F345;HL166;161;;;;;
06/01/2022;F899;HL173;192;;;;;
06/01/2022;F455;HL6;97;;;;;
06/01/2022;F871;HL93;163;;;;;
07/01/2022;F899;HL5;13;;;;;
07/01/2022;F555;HL177;147;;;;;
07/01/2022;F799;HL87;6;;;;;
08/01/2022;F450;HL167;291;;;;;
08/01/2022;F388;HL176;89;;;;;
08/01/2022;F581;HL172;122;;;;;
08/01/2022;F941;HL222;68;;;;;
09/01/2022;F630;HL165;12;;;;;
09/01/2022;F345;HL166;105;;;;;
09/01/2022;F899;HL161;122;;;;;
09/01/2022;F455;HL1;185;;;;;
10/01/2022;F871;HL5;155;;;;;
10/01/2022;F899;HL264;135;;;;;
10/01/2022;F450;HL152;53;;;;;
10/01/2022;F388;HL223;149;;;;;
10/01/2022;F581;HL225;177;;;;;
10/01/2022;F941;HL2;102;;;;;
10/01/2022;F630;HL222;53;;;;;
11/01/2022;F345;HL171;125;;;;;
11/01/2022;F899;HL275;97;;;;;
11/01/2022;F455;HL216;149;;;;;
11/01/2022;F871;HL224;23;;;;;
11/01/2022;F899;HL5;14;;;;;
11/01/2022;F555;HL165;197;;;;;
11/01/2022;F799;HL2;184;;;;;
11/01/2022;F450;HL164;198;;;;;
11/01/2022;F388;HL171;191;;;;;
11/01/2022;F581;HL263;196;;;;;
11/01/2022;F941;HL153;39;;;;;
12/01/2022;F630;HL171;124;;;;;
12/01/2022;F345;HL224;60;;;;;
12/01/2022;F899;HL160;95;;;;;
12/01/2022;F455;HL166;136;;;;;
13/01/2022;F871;HL216;47;;;;;
13/01/2022;F899;HL160;93;;;;;
14/01/2022;F450;HL76;18;;;;;
14/01/2022;F388;HL172;95;;;;;
14/01/2022;F581;HL86;119;;;;;
14/01/2022;F941;HL8;37;;;;;
14/01/2022;F630;HL216;43;;;;;
15/01/2022;F345;HL9;120;;;;;
15/01/2022;F899;HL228;126;;;;;
15/01/2022;F455;HL164;38;;;;;
15/01/2022;F871;HL225;40;;;;;
15/01/2022;F899;HL217;34;;;;;
15/01/2022;F555;HL77;17;;;;;
15/01/2022;F799;HL175;80;;;;;
15/01/2022;F450;HL216;186;;;;;
15/01/2022;F388;HL165;23;;;;;
16/01/2022;F581;HL227;142;;;;;
16/01/2022;F941;HL275;148;;;;;
17/01/2022;F630;HL1;92;;;;;
17/01/2022;F345;HL5;49;;;;;
17/01/2022;F899;HL215;144;;;;;
17/01/2022;F455;HL164;85;;;;;
17/01/2022;F871;HL216;7;;;;;
17/01/2022;F899;HL171;18;;;;;
17/01/2022;F450;HL164;120;;;;;
17/01/2022;F388;HL172;138;;;;;
18/01/2022;F581;HL215;31;;;;;
18/01/2022;F941;HL174;124;;;;;
18/01/2022;F630;HL215;166;;;;;
18/01/2022;F345;HL168;153;;;;;
18/01/2022;F899;HL5;46;;;;;
18/01/2022;F455;HL158;59;;;;;
18/01/2022;F871;HL161;141;;;;;
18/01/2022;F899;HL164;68;;;;;
18/01/2022;F555;HL216;181;;;;;
19/01/2022;F799;HL165;26;;;;;
19/01/2022;F450;HL1;48;;;;;
19/01/2022;F388;HL228;3;;;;;
19/01/2022;F581;HL162;46;;;;;
19/01/2022;F941;HL226;31;;;;;
20/01/2022;F630;HL8;189;;;;;
20/01/2022;F345;HL171;36;;;;;
20/01/2022;F899;HL225;84;;;;;
20/01/2022;F455;HL172;150;;;;;
20/01/2022;F871;HL2;190;;;;;
20/01/2022;F899;HL260;12;;;;;
21/01/2022;F450;HL164;190;;;;;
21/01/2022;F388;HL1;152;;;;;
21/01/2022;F581;HL216;24;;;;;
21/01/2022;F941;HL176;14;;;;;
21/01/2022;F630;HL166;81;;;;;
22/01/2022;F345;HL216;96;;;;;
22/01/2022;F899;HL222;12;;;;;
22/01/2022;F455;HL227;79;;;;;
22/01/2022;F871;HL216;118;;;;;
22/01/2022;F899;HL2;147;;;;;
22/01/2022;F555;HL164;125;;;;;
22/01/2022;F799;HL2;291;;;;;
23/01/2022;F450;HL6;168;;;;;
23/01/2022;F388;HL217;122;;;;;
24/01/2022;F581;HL1;159;;;;;
24/01/2022;F941;HL164;291;;;;;
25/01/2022;F630;HL216;91;;;;;
25/01/2022;F345;HL166;11;;;;;
26/01/2022;F899;HL167;79;;;;;
26/01/2022;F455;HL217;86;;;;;
26/01/2022;F871;HL7;95;;;;;
26/01/2022;F899;HL164;284;;;;;
26/01/2022;F450;HL224;102;;;;;
26/01/2022;F388;HL224;8;;;;;
27/01/2022;F581;HL159;125;;;;;
27/01/2022;F941;HL215;183;;;;;
27/01/2022;F630;HL172;120;;;;;
28/01/2022;F345;HL224;81;;;;;
28/01/2022;F899;HL172;11;;;;;
28/01/2022;F455;HL223;43;;;;;
28/01/2022;F871;HL164;98;;;;;
28/01/2022;F899;HL76;51;;;;;
28/01/2022;F555;HL86;141;;;;;
28/01/2022;F799;HL174;96;;;;;
28/01/2022;F450;HL168;58;;;;;
28/01/2022;F388;HL217;190;;;;;
29/01/2022;F581;HL293;194;;;;;
29/01/2022;F941;HL215;15;;;;;
29/01/2022;F630;HL224;153;;;;;
29/01/2022;F345;HL223;115;;;;;
29/01/2022;F899;HL154;76;;;;;
29/01/2022;F455;HL217;55;;;;;
30/01/2022;F871;HL215;2;;;;;
30/01/2022;F899;HL152;66;;;;;
31/01/2022;F450;HL164;53;;;;;
31/01/2022;F388;HL224;104;;;;;
31/01/2022;F581;HL166;63;;;;;
31/01/2022;F941;HL222;94;;;;;
01/02/2022;F630;HL164;285;;;;;
01/02/2022;F345;HL167;37;;;;;
01/02/2022;F899;HL287;137;;;;;
01/02/2022;F455;HL164;127;;;;;
01/02/2022;F871;HL172;57;;;;;
01/02/2022;F899;HL6;17;;;;;
01/02/2022;F555;HL215;129;;;;;
02/02/2022;F799;HL164;1;;;;;
02/02/2022;F450;HL9;115;;;;;
02/02/2022;F388;HL216;291;;;;;
02/02/2022;F581;HL225;94;;;;;
03/02/2022;F941;HL167;134;;;;;
04/02/2022;F630;HL216;286;;;;;
04/02/2022;F345;HL167;115;;;;;
04/02/2022;F899;HL247;104;;;;;
05/02/2022;F455;HL164;178;;;;;
05/02/2022;F871;HL228;59;;;;;
05/02/2022;F899;HL1;89;;;;;
05/02/2022;F450;HL165;19;;;;;
05/02/2022;F388;HL168;288;;;;;
05/02/2022;F581;HL222;198;;;;;
05/02/2022;F941;HL165;285;;;;;
05/02/2022;F630;HL291;26;;;;;
06/02/2022;F450;HL6;15;;;;;
06/02/2022;F388;HL172;176;;;;;
06/02/2022;F581;HL166;138;;;;;
06/02/2022;F941;HL215;110;;;;;
06/02/2022;F630;HL217;108;;;;;
06/02/2022;F345;HL226;134;;;;;
06/02/2022;F899;HL222;169;;;;;
06/02/2022;F455;HL174;33;;;;;
06/02/2022;F871;HL287;185;;;;;
07/02/2022;F899;HL269;15;;;;;
07/02/2022;F450;HL163;102;;;;;
07/02/2022;F388;HL174;142;;;;;
07/02/2022;F581;HL226;50;;;;;
07/02/2022;F941;HL249;37;;;;;
07/02/2022;F630;HL159;119;;;;;
07/02/2022;F345;HL215;141;;;;;
07/02/2022;F899;HL165;199;;;;;
07/02/2022;F455;HL226;199;;;;;
08/02/2022;F871;HL2;199;;;;;
08/02/2022;F899;HL165;153;;;;;
08/02/2022;F555;HL165;58;;;;;
08/02/2022;F799;HL2;132;;;;;
08/02/2022;F450;HL164;61;;;;;
09/02/2022;F388;HL89;55;;;;;
09/02/2022;F581;HL164;179;;;;;
09/02/2022;F941;HL7;12;;;;;
10/02/2022;F630;HL6;180;;;;;
10/02/2022;F345;HL168;193;;;;;
11/02/2022;F899;HL163;154;;;;;
11/02/2022;F455;HL164;123;;;;;
11/02/2022;F871;HL165;49;;;;;
11/02/2022;F899;HL216;170;;;;;
11/02/2022;F450;HL75;186;;;;;
11/02/2022;F388;HL226;5;;;;;
12/02/2022;F581;HL164;50;;;;;
12/02/2022;F941;HL164;14;;;;;
12/02/2022;F630;HL167;189;;;;;
12/02/2022;F345;HL172;14;;;;;
12/02/2022;F899;HL216;154;;;;;
12/02/2022;F455;HL167;177;;;;;
12/02/2022;F871;HL172;48;;;;;
12/02/2022;F899;HL166;129;;;;;
13/02/2022;F555;HL216;84;;;;;
13/02/2022;F799;HL1;158;;;;;
13/02/2022;F450;HL215;85;;;;;
14/02/2022;F388;HL8;1;;;;;
14/02/2022;F581;HL217;135;;;;;
14/02/2022;F941;HL222;52;;;;;
14/02/2022;F630;HL78;286;;;;;
14/02/2022;F345;HL164;286;;;;;
14/02/2022;F899;HL167;157;;;;;
15/02/2022;F455;HL6;158;;;;;
15/02/2022;F871;HL223;116;;;;;
15/02/2022;F899;HL228;26;;;;;
15/02/2022;F450;HL164;52;;;;;
15/02/2022;F388;HL293;22;;;;;
16/02/2022;F581;HL225;174;;;;;
17/02/2022;F941;HL1;31;;;;;
17/02/2022;F630;HL217;117;;;;;
17/02/2022;F345;HL223;4;;;;;
17/02/2022;F899;HL1;186;;;;;
17/02/2022;F455;HL292;144;;;;;
17/02/2022;F871;HL172;23;;;;;
17/02/2022;F899;HL177;69;;;;;
17/02/2022;F555;HL93;192;;;;;
17/02/2022;F799;HL164;159;;;;;
18/02/2022;F450;HL5;116;;;;;
18/02/2022;F388;HL217;84;;;;;
19/02/2022;F581;HL215;199;;;;;
19/02/2022;F941;HL216;199;;;;;
19/02/2022;F630;HL224;199;;;;;
19/02/2022;F345;HL74;199;;;;;
19/02/2022;F899;HL270;199;;;;;
20/02/2022;F455;HL1;199;;;;;
20/02/2022;F871;HL86;199;;;;;
20/02/2022;F899;HL260;308;;;;;
20/02/2022;F450;HL215;308;;;;;
20/02/2022;F388;HL8;308;;;;;
20/02/2022;F581;HL164;308;;;;;
20/02/2022;F941;HL217;308;;;;;
20/02/2022;F630;HL172;308;;;;;
21/02/2022;F345;HL164;308;;;;;
21/02/2022;F899;HL164;200;;;;;
21/02/2022;F455;HL267;200;;;;;
22/02/2022;F871;HL6;200;;;;;
22/02/2022;F899;HL9;200;;;;;
22/02/2022;F555;HL172;300;;;;;
22/02/2022;F799;HL166;253;;;;;
22/02/2022;F450;HL171;256;;;;;
23/02/2022;F388;HL7;252;;;;;
23/02/2022;F581;HL152;281;;;;;
23/02/2022;F941;HL162;278;;;;;
23/02/2022;F630;HL226;272;;;;;
23/02/2022;F345;HL162;293;;;;;
23/02/2022;F899;HL164;265;;;;;
24/02/2022;F455;HL217;276;;;;;
24/02/2022;F871;HL5;252;;;;;
24/02/2022;F899;HL162;272;;;;;
24/02/2022;F450;HL227;299;;;;;
24/02/2022;F388;HL165;268;;;;;
24/02/2022;F581;HL171;265;;;;;
24/02/2022;F941;HL275;294;;;;;
24/02/2022;F630;HL286;302;;;;;
24/02/2022;F345;HL164;254;;;;;
24/02/2022;F899;HL249;307;;;;;
25/02/2022;F455;HL154;307;;;;;
25/02/2022;F871;HL164;307;;;;;
25/02/2022;F899;HL167;307;;;;;
26/02/2022;F555;HL224;307;;;;;
26/02/2022;F799;HL227;310;;;;;
26/02/2022;F450;HL164;310;;;;;
26/02/2022;F388;HL167;310;;;;;
27/02/2022;F581;HL10;310;;;;;
27/02/2022;F941;HL215;235;;;;;
27/02/2022;F630;HL225;225;;;;;
27/02/2022;F345;HL216;202;;;;;
27/02/2022;F899;HL164;215;;;;;
27/02/2022;F455;HL215;243;;;;;
27/02/2022;F871;HL270;305;;;;;
27/02/2022;F899;HL7;205;;;;;
27/02/2022;F450;HL165;247;;;;;
28/02/2022;F388;HL165;263;;;;;
28/02/2022;F581;HL165;248;;;;;
28/02/2022;F941;HL223;201;;;;;
28/02/2022;F630;HL166;309;;;;;
28/02/2022;F345;HL169;309;;;;;
28/02/2022;F899;HL226;306;;;;;
01/03/2022;F455;HL164;306;;;;;
01/03/2022;F871;HL222;306;;;;;
01/03/2022;F899;HL282;306;;;;;
01/03/2022;F555;HL2;306;;;;;
01/03/2022;F799;HL216;306;;;;;
01/03/2022;F450;HL5;306;;;;;
01/03/2022;F388;HL167;306;;;;;
01/03/2022;F581;HL217;306;;;;;
01/03/2022;F941;HL269;22;;;;;
01/03/2022;F630;HL172;197;;;;;
02/03/2022;F345;HL172;303;;;;;
02/03/2022;F899;HL215;275;;;;;
02/03/2022;F455;HL217;222;;;;;
02/03/2022;F871;HL161;309;;;;;
03/03/2022;F899;HL2;190;;;;;
03/03/2022;F450;HL227;173;;;;;
03/03/2022;F388;HL215;128;;;;;
03/03/2022;F581;HL152;171;;;;;
03/03/2022;F941;HL88;24;;;;;
03/03/2022;F630;HL6;151;;;;;
04/03/2022;F345;HL166;101;;;;;
04/03/2022;F899;HL9;112;;;;;
04/03/2022;F455;HL215;167;;;;;
04/03/2022;F871;HL215;171;;;;;
04/03/2022;F899;HL174;146;;;;;
05/03/2022;F555;HL74;24;;;;;
05/03/2022;F799;HL164;30;;;;;
05/03/2022;F450;HL267;199;;;;;
05/03/2022;F388;HL6;308;;;;;
06/03/2022;F581;HL5;269;;;;;
06/03/2022;F941;HL223;307;;;;;
07/03/2022;F630;HL6;234;;;;;
07/03/2022;F345;HL178;309;;;;;
07/03/2022;F899;HL222;309;;;;;
07/03/2022;F455;HL262;306;;;;;
07/03/2022;F871;HL163;200;;;;;
07/03/2022;F899;HL1;307;;;;;
08/03/2022;F450;HL177;307;;;;;
08/03/2022;F388;HL225;310;;;;;
08/03/2022;F581;HL2;260;;;;;
08/03/2022;F941;HL74;199;;;;;
08/03/2022;F630;HL292;242;;;;;
08/03/2022;F345;HL293;210;;;;;
09/03/2022;F899;HL73;231;;;;;
09/03/2022;F455;HL159;306;;;;;
09/03/2022;F871;HL1;308;;;;;
09/03/2022;F899;HL215;160;;;;;
09/03/2022;F555;HL224;199;;;;;
09/03/2022;F799;HL223;242;;;;;
10/03/2022;F450;HL165;244;;;;;
10/03/2022;F388;HL215;308;;;;;
11/03/2022;F581;HL165;308;;;;;
11/03/2022;F941;HL172;306;;;;;
11/03/2022;F630;HL1;306;;;;;
11/03/2022;F345;HL228;306;;;;;
12/03/2022;F899;HL164;309;;;;;
12/03/2022;F455;HL9;221;;;;;
12/03/2022;F871;HL264;224;;;;;
12/03/2022;F899;HL166;309;;;;;
12/03/2022;F450;HL77;221;;;;;
13/03/2022;F388;HL169;231;;;;;
13/03/2022;F581;HL228;218;;;;;
13/03/2022;F941;HL167;218;;;;;
13/03/2022;F630;HL73;200;;;;;
13/03/2022;F345;HL76;200;;;;;
14/03/2022;F899;HL9;200;;;;;
14/03/2022;F455;HL164;200;;;;;
14/03/2022;F871;HL216;199;;;;;
14/03/2022;F899;HL217;199;;;;;
14/03/2022;F555;HL293;199;;;;;
15/03/2022;F799;HL2;306;;;;;
15/03/2022;F450;HL167;306;;;;;
16/03/2022;F388;HL158;306;;;;;
16/03/2022;F581;HL225;307;;;;;
16/03/2022;F941;HL258;308;;;;;
16/03/2022;F630;HL274;310;;;;;
16/03/2022;F345;HL176;310;;;;;
16/03/2022;F899;HL224;310;;;;;
17/03/2022;F455;HL167;310;;;;;
17/03/2022;F871;HL222;310;;;;;
17/03/2022;F899;HL1;310;;;;;
17/03/2022;F450;HL228;267;;;;;
18/03/2022;F388;HL75;268;;;;;
18/03/2022;F581;HL216;260;;;;;
18/03/2022;F941;HL153;267;;;;;
18/03/2022;F630;HL160;267;;;;;
18/03/2022;F345;HL164;268;;;;;
18/03/2022;F899;HL225;17;;;;;
18/03/2022;F455;HL225;9;;;;;
18/03/2022;F871;HL166;165;;;;;
19/03/2022;F899;HL215;114;;;;;
19/03/2022;F555;HL164;83;;;;;
19/03/2022;F799;HL165;151;;;;;
19/03/2022;F450;HL162;171;;;;;
20/03/2022;F388;HL167;173;;;;;
20/03/2022;F581;HL177;17;;;;;
20/03/2022;F941;HL292;160;;;;;
20/03/2022;F630;HL77;70;;;;;
20/03/2022;F345;HL154;9;;;;;
20/03/2022;F899;HL225;75;;;;;
21/03/2022;F455;HL227;289;;;;;
21/03/2022;F871;HL291;25;;;;;
21/03/2022;F899;HL225;162;;;;;
21/03/2022;F450;HL215;70;;;;;
21/03/2022;F388;HL5;25;;;;;
21/03/2022;F581;HL260;16;;;;;
21/03/2022;F941;HL268;10;;;;;
22/03/2022;F630;HL165;134;;;;;
22/03/2022;F345;HL225;188;;;;;
22/03/2022;F899;HL5;196;;;;;
22/03/2022;F455;HL167;8;;;;;
22/03/2022;F871;HL172;114;;;;;
23/03/2022;F899;HL164;167;;;;;
23/03/2022;F555;HL174;30;;;;;
23/03/2022;F799;HL223;8;;;;;
24/03/2022;F450;HL164;6;;;;;
25/03/2022;F388;HL217;134;;;;;
25/03/2022;F581;HL1;13;;;;;
25/03/2022;F941;HL217;138;;;;;
25/03/2022;F630;HL164;148;;;;;
25/03/2022;F345;HL225;128;;;;;
26/03/2022;F899;HL5;35;;;;;
26/03/2022;F455;HL170;160;;;;;
26/03/2022;F871;HL6;6;;;;;
26/03/2022;F899;HL172;27;;;;;
27/03/2022;F450;HL166;121;;;;;
27/03/2022;F388;HL6;289;;;;;
27/03/2022;F581;HL164;173;;;;;
27/03/2022;F941;HL159;77;;;;;
27/03/2022;F630;HL164;25;;;;;
27/03/2022;F345;HL224;199;;;;;
27/03/2022;F899;HL1;199;;;;;
28/03/2022;F455;HL2;199;;;;;
28/03/2022;F871;HL1;308;;;;;
28/03/2022;F899;HL224;308;;;;;
28/03/2022;F555;HL78;308;;;;;
28/03/2022;F799;HL6;308;;;;;
28/03/2022;F450;HL160;308;;;;;
28/03/2022;F388;HL163;200;;;;;
28/03/2022;F581;HL6;200;;;;;
29/03/2022;F941;HL5;200;;;;;
29/03/2022;F630;HL162;200;;;;;
29/03/2022;F345;HL215;38;;;;;
29/03/2022;F899;HL162;147;;;;;
29/03/2022;F455;HL167;179;;;;;
29/03/2022;F871;HL5;39;;;;;
29/03/2022;F899;HL1;285;;;;;
29/03/2022;F450;HL283;41;;;;;
30/03/2022;F388;HL166;103;;;;;
30/03/2022;F581;HL253;122;;;;;
30/03/2022;F941;HL172;155;;;;;
30/03/2022;F630;HL224;57;;;;;
30/03/2022;F345;HL216;25;;;;;
31/03/2022;F899;HL94;159;;;;;
31/03/2022;F455;HL169;157;;;;;
31/03/2022;F871;HL215;286;;;;;
31/03/2022;F899;HL167;118;;;;;
31/03/2022;F555;HL169;47;;;;;
01/04/2022;F799;HL2;112;;;;;
01/04/2022;F450;HL74;132;;;;;
01/04/2022;F388;HL267;145;;;;;
01/04/2022;F581;HL8;148;;;;;
01/04/2022;F941;HL215;287;;;;;
01/04/2022;F630;HL92;36;;;;;
02/04/2022;F345;HL5;38;;;;;
02/04/2022;F899;HL167;78;;;;;
03/04/2022;F455;HL164;168;;;;;
03/04/2022;F871;HL178;59;;;;;
03/04/2022;F899;HL173;96;;;;;
03/04/2022;F450;HL10;64;;;;;
03/04/2022;F388;HL223;196;;;;;
03/04/2022;F581;HL251;103;;;;;
03/04/2022;F941;HL167;96;;;;;
03/04/2022;F630;HL222;60;;;;;
04/04/2022;F345;HL167;31;;;;;
04/04/2022;F899;HL225;185;;;;;
04/04/2022;F455;HL248;190;;;;;
04/04/2022;F871;HL77;53;;;;;
04/04/2022;F899;HL164;117;;;;;
04/04/2022;F555;HL164;128;;;;;
05/04/2022;F799;HL167;107;;;;;
05/04/2022;F450;HL226;139;;;;;
05/04/2022;F388;HL226;285;;;;;
06/04/2022;F581;HL5;93;;;;;
06/04/2022;F941;HL75;73;;;;;
06/04/2022;F630;HL164;76;;;;;
06/04/2022;F345;HL1;180;;;;;
06/04/2022;F899;HL6;110;;;;;
06/04/2022;F455;HL261;170;;;;;
06/04/2022;F871;HL292;45;;;;;
07/04/2022;F899;HL1;68;;;;;
07/04/2022;F450;HL167;161;;;;;
07/04/2022;F388;HL215;138;;;;;
07/04/2022;F581;HL217;166;;;;;
07/04/2022;F941;HL264;135;;;;;
08/04/2022;F630;HL163;110;;;;;
08/04/2022;F345;HL227;60;;;;;
08/04/2022;F899;HL2;172;;;;;
08/04/2022;F455;HL175;140;;;;;
08/04/2022;F871;HL2;20;;;;;
09/04/2022;F899;HL5;63;;;;;
09/04/2022;F555;HL226;154;;;;;
10/04/2022;F799;HL215;111;;;;;
10/04/2022;F450;HL5;161;;;;;
10/04/2022;F388;HL158;169;;;;;
10/04/2022;F581;HL247;195;;;;;
10/04/2022;F941;HL171;88;;;;;
10/04/2022;F630;HL92;92;;;;;
10/04/2022;F345;HL253;144;;;;;
11/04/2022;F899;HL224;165;;;;;
11/04/2022;F455;HL223;50;;;;;
11/04/2022;F871;HL275;113;;;;;
11/04/2022;F899;HL166;82;;;;;
11/04/2022;F450;HL167;109;;;;;
11/04/2022;F388;HL88;176;;;;;
11/04/2022;F581;HL171;107;;;;;
11/04/2022;F941;HL250;179;;;;;
12/04/2022;F630;HL217;40;;;;;
12/04/2022;F345;HL263;33;;;;;
12/04/2022;F899;HL262;135;;;;;
12/04/2022;F455;HL164;129;;;;;
12/04/2022;F871;HL165;74;;;;;
12/04/2022;F899;HL293;50;;;;;
13/04/2022;F555;HL164;284;;;;;
13/04/2022;F799;HL165;110;;;;;
13/04/2022;F450;HL170;36;;;;;
14/04/2022;F388;HL277;42;;;;;
14/04/2022;F581;HL167;71;;;;;
14/04/2022;F941;HL2;172;;;;;
14/04/2022;F630;HL216;174;;;;;
14/04/2022;F345;HL277;198;;;;;
15/04/2022;F899;HL177;282;;;;;
15/04/2022;F455;HL164;78;;;;;
15/04/2022;F871;HL175;29;;;;;
15/04/2022;F899;HL176;196;;;;;
15/04/2022;F450;HL167;158;;;;;
16/04/2022;F388;HL166;192;;;;;
16/04/2022;F581;HL224;117;;;;;
16/04/2022;F941;HL268;164;;;;;
16/04/2022;F630;HL216;44;;;;;
17/04/2022;F345;HL226;84;;;;;
17/04/2022;F899;HL159;71;;;;;
17/04/2022;F455;HL292;161;;;;;
17/04/2022;F871;HL252;192;;;;;
17/04/2022;F899;HL254;97;;;;;
18/04/2022;F555;HL92;163;;;;;
18/04/2022;F799;HL248;13;;;;;
18/04/2022;F450;HL153;147;;;;;
18/04/2022;F388;HL166;6;;;;;
18/04/2022;F581;HL166;291;;;;;
18/04/2022;F941;HL264;89;;;;;
19/04/2022;F630;HL1;122;;;;;
19/04/2022;F345;HL165;68;;;;;
19/04/2022;F899;HL215;12;;;;;
19/04/2022;F455;HL173;105;;;;;
19/04/2022;F871;HL217;122;;;;;
19/04/2022;F899;HL174;185;;;;;
20/04/2022;F450;HL270;155;;;;;
20/04/2022;F388;HL169;135;;;;;
21/04/2022;F581;HL10;53;;;;;
21/04/2022;F941;HL164;149;;;;;
21/04/2022;F630;HL92;177;;;;;
22/04/2022;F345;HL215;102;;;;;
22/04/2022;F899;HL228;53;;;;;
22/04/2022;F455;HL217;125;;;;;
22/04/2022;F871;HL271;97;;;;;
23/04/2022;F899;HL171;149;;;;;
23/04/2022;F555;HL2;23;;;;;
23/04/2022;F799;HL7;14;;;;;
23/04/2022;F450;HL167;197;;;;;
23/04/2022;F388;HL5;184;;;;;
23/04/2022;F581;HL154;198;;;;;
23/04/2022;F941;HL216;191;;;;;
23/04/2022;F630;HL225;196;;;;;
23/04/2022;F345;HL167;39;;;;;
24/04/2022;F899;HL5;124;;;;;
24/04/2022;F455;HL164;60;;;;;
24/04/2022;F871;HL2;95;;;;;
24/04/2022;F899;HL73;136;;;;;
24/04/2022;F450;HL164;47;;;;;
24/04/2022;F388;HL276;93;;;;;
25/04/2022;F581;HL172;18;;;;;
25/04/2022;F941;HL153;95;;;;;
25/04/2022;F630;HL164;119;;;;;
25/04/2022;F345;HL171;37;;;;;
25/04/2022;F899;HL217;43;;;;;
25/04/2022;F455;HL166;120;;;;;
25/04/2022;F871;HL225;126;;;;;
25/04/2022;F899;HL168;38;;;;;
26/04/2022;F555;HL5;40;;;;;
26/04/2022;F799;HL167;34;;;;;
26/04/2022;F450;HL165;17;;;;;
26/04/2022;F388;HL167;80;;;;;
26/04/2022;F581;HL167;186;;;;;
26/04/2022;F941;HL175;23;;;;;
27/04/2022;F630;HL167;142;;;;;
27/04/2022;F345;HL216;148;;;;;
27/04/2022;F899;HL2;92;;;;;
27/04/2022;F455;HL216;49;;;;;
27/04/2022;F871;HL2;144;;;;;
27/04/2022;F899;HL1;85;;;;;
27/04/2022;F450;HL267;7;;;;;
28/04/2022;F388;HL76;18;;;;;
28/04/2022;F581;HL215;120;;;;;
28/04/2022;F941;HL89;138;;;;;
28/04/2022;F630;HL222;31;;;;;
28/04/2022;F345;HL2;124;;;;;
28/04/2022;F899;HL167;166;;;;;
28/04/2022;F455;HL215;153;;;;;
29/04/2022;F871;HL228;46;;;;;
29/04/2022;F899;HL161;59;;;;;
29/04/2022;F555;HL177;141;;;;;
29/04/2022;F799;HL215;68;;;;;
29/04/2022;F450;HL76;181;;;;;
30/04/2022;F388;HL167;26;;;;;
30/04/2022;F581;HL2;48;;;;;
30/04/2022;F941;HL165;3;;;;;
30/04/2022;F630;HL176;46;;;;;
30/04/2022;F345;HL268;31;;;;;
30/04/2022;F899;HL167;189;;;;;
01/05/2022;F455;HL172;36;;;;;
01/05/2022;F871;HL2;84;;;;;
01/05/2022;F899;HL77;150;;;;;
01/05/2022;F450;HL166;190;;;;;
02/05/2022;F388;HL1;12;;;;;
02/05/2022;F581;HL164;190;;;;;
02/05/2022;F941;HL215;152;;;;;
02/05/2022;F630;HL167;24;;;;;
03/05/2022;F345;HL216;14;;;;;
04/05/2022;F899;HL293;81;;;;;
04/05/2022;F455;HL163;96;;;;;
04/05/2022;F871;HL226;12;;;;;
04/05/2022;F899;HL225;79;;;;;
04/05/2022;F555;HL258;118;;;;;
05/05/2022;F799;HL170;147;;;;;
05/05/2022;F450;HL167;125;;;;;
05/05/2022;F388;HL170;291;;;;;
05/05/2022;F581;HL6;168;;;;;
05/05/2022;F941;HL228;122;;;;;
05/05/2022;F630;HL167;159;;;;;
05/05/2022;F345;HL174;291;;;;;
06/05/2022;F899;HL2;91;;;;;
06/05/2022;F455;HL164;11;;;;;
06/05/2022;F871;HL154;79;;;;;
06/05/2022;F899;HL172;86;;;;;
06/05/2022;F450;HL5;95;;;;;
06/05/2022;F388;HL215;284;;;;;
06/05/2022;F581;HL215;102;;;;;
06/05/2022;F941;HL167;8;;;;;
07/05/2022;F630;HL265;125;;;;;
07/05/2022;F345;HL225;183;;;;;
07/05/2022;F899;HL1;120;;;;;
08/05/2022;F455;HL163;81;;;;;
08/05/2022;F871;HL224;11;;;;;
08/05/2022;F899;HL6;43;;;;;
08/05/2022;F555;HL222;98;;;;;
09/05/2022;F799;HL171;51;;;;;
09/05/2022;F450;HL5;141;;;;;
09/05/2022;F388;HL217;96;;;;;
09/05/2022;F581;HL78;58;;;;;
09/05/2022;F941;HL167;190;;;;;
09/05/2022;F630;HL215;194;;;;;
09/05/2022;F345;HL224;15;;;;;
10/05/2022;F899;HL265;153;;;;;
10/05/2022;F455;HL93;115;;;;;
10/05/2022;F871;HL167;76;;;;;
10/05/2022;F899;HL165;55;;;;;
10/05/2022;F450;HL224;2;;;;;
10/05/2022;F388;HL2;66;;;;;
11/05/2022;F581;HL6;53;;;;;
11/05/2022;F941;HL167;104;;;;;
11/05/2022;F630;HL223;63;;;;;
11/05/2022;F450;HL228;94;;;;;
12/05/2022;F388;HL1;285;;;;;
12/05/2022;F581;HL8;37;;;;;
12/05/2022;F941;HL166;137;;;;;
12/05/2022;F630;HL293;127;;;;;
12/05/2022;F345;HL77;57;;;;;
12/05/2022;F899;HL291;17;;;;;
13/05/2022;F455;HL5;129;;;;;
14/05/2022;F871;HL172;1;;;;;
14/05/2022;F899;HL216;115;;;;;
14/05/2022;F450;HL170;291;;;;;
14/05/2022;F388;HL172;94;;;;;
14/05/2022;F581;HL223;134;;;;;
14/05/2022;F941;HL267;286;;;;;
14/05/2022;F630;HL164;115;;;;;
15/05/2022;F345;HL167;104;;;;;
15/05/2022;F899;HL176;178;;;;;
15/05/2022;F455;HL1;59;;;;;
15/05/2022;F871;HL10;89;;;;;
15/05/2022;F899;HL172;19;;;;;
15/05/2022;F555;HL1;288;;;;;
16/05/2022;F799;HL256;198;;;;;
16/05/2022;F450;HL167;285;;;;;
16/05/2022;F388;HL224;26;;;;;
16/05/2022;F581;HL154;15;;;;;
16/05/2022;F941;HL1;176;;;;;
16/05/2022;F630;HL174;138;;;;;
16/05/2022;F345;HL175;110;;;;;
17/05/2022;F899;HL165;108;;;;;
17/05/2022;F455;HL164;134;;;;;
17/05/2022;F871;HL5;169;;;;;
17/05/2022;F899;HL255;33;;;;;
17/05/2022;F450;HL1;185;;;;;
18/05/2022;F388;HL223;15;;;;;
19/05/2022;F581;HL167;102;;;;;
19/05/2022;F941;HL6;142;;;;;
19/05/2022;F630;HL1;50;;;;;
19/05/2022;F345;HL95;37;;;;;
20/05/2022;F899;HL158;119;;;;;
20/05/2022;F455;HL260;141;;;;;
20/05/2022;F871;HL269;199;;;;;
20/05/2022;F899;HL7;199;;;;;
20/05/2022;F555;HL263;199;;;;;
21/05/2022;F799;HL76;153;;;;;
21/05/2022;F450;HL222;58;;;;;
21/05/2022;F388;HL7;132;;;;;
21/05/2022;F581;HL224;61;;;;;
21/05/2022;F941;HL1;55;;;;;
21/05/2022;F630;HL174;179;;;;;
22/05/2022;F345;HL1;12;;;;;
22/05/2022;F899;HL165;180;;;;;
22/05/2022;F455;HL174;193;;;;;
22/05/2022;F871;HL2;154;;;;;
23/05/2022;F899;HL74;123;;;;;
23/05/2022;F450;HL293;49;;;;;
23/05/2022;F388;HL261;170;;;;;
23/05/2022;F581;HL264;186;;;;;
23/05/2022;F941;HL259;5;;;;;
24/05/2022;F630;HL152;50;;;;;
24/05/2022;F345;HL78;14;;;;;
24/05/2022;F899;HL215;189;;;;;
24/05/2022;F455;HL260;14;;;;;
24/05/2022;F871;HL223;154;;;;;
24/05/2022;F899;HL249;177;;;;;
24/05/2022;F555;HL266;48;;;;;
25/05/2022;F799;HL161;129;;;;;
25/05/2022;F450;HL154;84;;;;;
25/05/2022;F388;HL2;158;;;;;
25/05/2022;F581;HL6;85;;;;;
25/05/2022;F941;HL175;1;;;;;
25/05/2022;F630;HL251;135;;;;;
26/05/2022;F345;HL215;52;;;;;
26/05/2022;F899;HL215;286;;;;;
26/05/2022;F455;HL165;286;;;;;
26/05/2022;F871;HL226;157;;;;;
26/05/2022;F899;HL166;158;;;;;
26/05/2022;F450;HL5;116;;;;;
26/05/2022;F388;HL10;26;;;;;
26/05/2022;F581;HL217;52;;;;;
27/05/2022;F941;HL1;22;;;;;
27/05/2022;F630;HL215;174;;;;;
27/05/2022;F345;HL225;31;;;;;
27/05/2022;F899;HL8;117;;;;;
28/05/2022;F455;HL7;4;;;;;
28/05/2022;F871;HL164;186;;;;;
28/05/2022;F899;HL86;144;;;;;
28/05/2022;F555;HL227;23;;;;;
28/05/2022;F799;HL5;69;;;;;
28/05/2022;F450;HL169;192;;;;;
28/05/2022;F388;HL216;159;;;;;
29/05/2022;F581;HL78;116;;;;;
29/05/2022;F941;HL1;84;;;;;
29/05/2022;F630;HL1;199;;;;;
29/05/2022;F345;HL5;199;;;;;
29/05/2022;F899;HL90;199;;;;;
29/05/2022;F455;HL152;199;;;;;
29/05/2022;F871;HL165;199;;;;;
29/05/2022;F899;HL172;199;;;;;
30/05/2022;F450;HL166;199;;;;;
30/05/2022;F388;HL216;308;;;;;
30/05/2022;F581;HL225;308;;;;;
30/05/2022;F941;HL165;308;;;;;
30/05/2022;F630;HL167;308;;;;;
30/05/2022;F345;HL292;308;;;;;
30/05/2022;F899;HL5;308;;;;;
30/05/2022;F455;HL167;308;;;;;
30/05/2022;F871;HL224;200;;;;;
30/05/2022;F899;HL269;200;;;;;
30/05/2022;F555;HL217;200;;;;;
31/05/2022;F799;HL215;200;;;;;
31/05/2022;F450;HL77;300;;;;;
31/05/2022;F388;HL222;253;;;;;
31/05/2022;F581;HL223;256;;;;;
31/05/2022;F941;HL255;252;;;;;
31/05/2022;F630;HL171;281;;;;;
31/05/2022;F345;HL271;278;;;;;
31/05/2022;F899;HL164;272;;;;;
01/06/2022;F455;HL269;293;;;;;
01/06/2022;F871;HL76;265;;;;;
01/06/2022;F899;HL265;276;;;;;
02/06/2022;F450;HL168;252;;;;;
02/06/2022;F388;HL164;272;;;;;
03/06/2022;F581;HL225;299;;;;;
03/06/2022;F941;HL164;268;;;;;
03/06/2022;F630;HL225;265;;;;;
03/06/2022;F345;HL165;294;;;;;
03/06/2022;F899;HL166;302;;;;;
03/06/2022;F455;HL175;254;;;;;
03/06/2022;F871;HL224;307;;;;;
04/06/2022;F899;HL154;307;;;;;
05/06/2022;F555;HL5;307;;;;;
05/06/2022;F799;HL164;307;;;;;
05/06/2022;F450;HL1;307;;;;;
06/06/2022;F388;HL163;310;;;;;
06/06/2022;F581;HL172;310;;;;;
06/06/2022;F941;HL6;310;;;;;
06/06/2022;F630;HL217;310;;;;;
06/06/2022;F345;HL77;235;;;;;
06/06/2022;F899;HL223;225;;;;;
07/06/2022;F455;HL152;202;;;;;
07/06/2022;F871;HL226;215;;;;;
07/06/2022;F899;HL261;243;;;;;
07/06/2022;F450;HL73;305;;;;;
07/06/2022;F388;HL153;205;;;;;
07/06/2022;F581;HL165;247;;;;;
07/06/2022;F941;HL172;263;;;;;
07/06/2022;F630;HL10;248;;;;;
07/06/2022;F345;HL73;201;;;;;
07/06/2022;F899;HL153;309;;;;;
07/06/2022;F455;HL224;309;;;;;
07/06/2022;F871;HL225;306;;;;;
08/06/2022;F899;HL75;306;;;;;
08/06/2022;F555;HL224;306;;;;;
08/06/2022;F799;HL77;306;;;;;
08/06/2022;F450;HL250;306;;;;;
08/06/2022;F388;HL292;306;;;;;
08/06/2022;F581;HL164;306;;;;;
08/06/2022;F941;HL172;306;;;;;
09/06/2022;F630;HL165;306;;;;;
09/06/2022;F345;HL222;22;;;;;
09/06/2022;F899;HL215;197;;;;;
09/06/2022;F455;HL215;303;;;;;
09/06/2022;F871;HL94;275;;;;;
09/06/2022;F899;HL158;222;;;;;
10/06/2022;F450;HL154;309;;;;;
10/06/2022;F388;HL164;190;;;;;
10/06/2022;F581;HL268;173;;;;;
10/06/2022;F941;HL164;128;;;;;
11/06/2022;F630;HL166;171;;;;;
11/06/2022;F345;HL6;24;;;;;
11/06/2022;F899;HL172;151;;;;;
11/06/2022;F455;HL172;101;;;;;
11/06/2022;F871;HL216;112;;;;;
11/06/2022;F899;HL271;167;;;;;
12/06/2022;F555;HL165;171;;;;;
12/06/2022;F799;HL1;146;;;;;
12/06/2022;F450;HL216;24;;;;;
12/06/2022;F388;HL224;30;;;;;
12/06/2022;F581;HL164;199;;;;;
13/06/2022;F941;HL5;308;;;;;
13/06/2022;F630;HL163;269;;;;;
13/06/2022;F345;HL268;307;;;;;
13/06/2022;F899;HL1;234;;;;;
13/06/2022;F455;HL2;309;;;;;
14/06/2022;F871;HL224;309;;;;;
14/06/2022;F899;HL152;306;;;;;
14/06/2022;F450;HL8;200;;;;;
14/06/2022;F388;HL215;307;;;;;
14/06/2022;F581;HL178;307;;;;;
14/06/2022;F941;HL1;310;;;;;
14/06/2022;F630;HL164;260;;;;;
15/06/2022;F345;HL6;199;;;;;
15/06/2022;F899;HL5;242;;;;;
15/06/2022;F455;HL216;210;;;;;
15/06/2022;F871;HL162;231;;;;;
15/06/2022;F899;HL164;306;;;;;
15/06/2022;F555;HL172;308;;;;;
15/06/2022;F799;HL167;160;;;;;
15/06/2022;F450;HL165;199;;;;;
16/06/2022;F388;HL177;242;;;;;
16/06/2022;F581;HL222;244;;;;;
16/06/2022;F941;HL167;308;;;;;
16/06/2022;F630;HL166;308;;;;;
16/06/2022;F345;HL154;306;;;;;
17/06/2022;F899;HL74;306;;;;;
17/06/2022;F455;HL168;306;;;;;
17/06/2022;F871;HL176;309;;;;;
17/06/2022;F899;HL215;221;;;;;
17/06/2022;F450;HL222;224;;;;;
17/06/2022;F388;HL73;309;;;;;
17/06/2022;F581;HL284;221;;;;;
18/06/2022;F941;HL222;231;;;;;
19/06/2022;F630;HL75;218;;;;;
19/06/2022;F345;HL152;218;;;;;
19/06/2022;F899;HL174;200;;;;;
19/06/2022;F455;HL250;200;;;;;
20/06/2022;F871;HL215;200;;;;;
20/06/2022;F899;HL166;200;;;;;
20/06/2022;F555;HL273;199;;;;;
20/06/2022;F799;HL78;199;;;;;
21/06/2022;F450;HL5;199;;;;;
21/06/2022;F388;HL280;306;;;;;
21/06/2022;F581;HL169;306;;;;;
21/06/2022;F941;HL223;306;;;;;
21/06/2022;F630;HL152;307;;;;;
21/06/2022;F345;HL164;308;;;;;
21/06/2022;F899;HL5;310;;;;;
21/06/2022;F455;HL164;310;;;;;
22/06/2022;F871;HL9;310;;;;;
22/06/2022;F899;HL172;310;;;;;
22/06/2022;F450;HL216;310;;;;;
22/06/2022;F388;HL5;310;;;;;
22/06/2022;F581;HL163;267;;;;;
22/06/2022;F941;HL175;268;;;;;
22/06/2022;F630;HL227;260;;;;;
22/06/2022;F345;HL164;267;;;;;
22/06/2022;F899;HL271;267;;;;;
23/06/2022;F455;HL215;268;;;;;
23/06/2022;F871;HL226;17;;;;;
23/06/2022;F899;HL249;9;;;;;
23/06/2022;F555;HL250;165;;;;;
24/06/2022;F799;HL166;114;;;;;
24/06/2022;F450;HL167;83;;;;;
24/06/2022;F388;HL172;151;;;;;
24/06/2022;F581;HL174;171;;;;;
24/06/2022;F941;HL161;173;;;;;
24/06/2022;F630;HL268;17;;;;;
25/06/2022;F345;HL6;160;;;;;
25/06/2022;F899;HL6;70;;;;;
25/06/2022;F455;HL164;9;;;;;
25/06/2022;F871;HL216;75;;;;;
25/06/2022;F899;HL164;289;;;;;
25/06/2022;F450;HL165;25;;;;;
25/06/2022;F388;HL171;162;;;;;
25/06/2022;F581;HL226;70;;;;;
26/06/2022;F941;HL159;25;;;;;
26/06/2022;F630;HL164;16;;;;;
26/06/2022;F345;HL216;10;;;;;
26/06/2022;F899;HL225;134;;;;;
27/06/2022;F455;HL165;188;;;;;
27/06/2022;F871;HL224;196;;;;;
27/06/2022;F899;HL5;8;;;;;
28/06/2022;F555;HL1;114;;;;;
28/06/2022;F799;HL167;167;;;;;
28/06/2022;F450;HL274;30;;;;;
28/06/2022;F388;HL94;8;;;;;
28/06/2022;F581;HL215;6;;;;;
28/06/2022;F941;HL262;134;;;;;
28/06/2022;F630;HL278;13;;;;;
28/06/2022;F345;HL91;138;;;;;
28/06/2022;F899;HL164;148;;;;;
28/06/2022;F455;HL174;128;;;;;
29/06/2022;F871;HL75;35;;;;;
29/06/2022;F899;HL274;160;;;;;
29/06/2022;F450;HL164;6;;;;;
29/06/2022;F388;HL166;27;;;;;
29/06/2022;F581;HL228;121;;;;;
29/06/2022;F941;HL164;289;;;;;
30/06/2022;F630;HL178;173;;;;;
30/06/2022;F345;HL164;77;;;;;
30/06/2022;F899;HL164;25;;;;;
30/06/2022;F455;HL6;199;;;;;
30/06/2022;F871;HL164;199;;;;;
